ID,Chủ đề,Thông điệp,Lời giảng & Câu chuyện,Hành động thức tỉnh,Cơ chế game
1,Nhất Thể,"Chúng ta chỉ là Một. Không hề có sự tách biệt nào giữa Ta và con, giữa con và mọi người xung quanh.","Thông điệp này từ Quyển 1 chạm đến cốt tủy của Chân lý tối hậu: Sự chia rẽ chỉ là một ảo ảnh vật lý. Trong thế giới thực tại siêu hình, không có ranh giới giữa Ta (Thượng đế) và con, hay giữa con và vạn vật. Khi con hiểu rằng 'Chúng ta chỉ là Một. Không hề có sự tách biệt nào giữa Ta và con, giữa con và mọi người xung quanh.', con nhận ra mọi hành động con gieo cho thế giới đều dội ngược lại chính mình, bởi vì tất cả chúng ta đều là các tế bào trên một cơ thể thiêng liêng duy nhất.","Khi con thấy mệt mỏi hay mất ngủ, hãy thả lỏng và ngưng gồng gánh thế giới một mình. Hãy nhận thức rằng con đang kết nối với dòng sinh lực vũ trụ. Lời nhắc 'Chúng ta chỉ là Một. Không hề có sự tách biệt nào giữa Ta và con, giữa con và mọi người xung quanh.' là để con hiểu rằng sự an yên của con cũng là sự an yên của vũ trụ. Hãy ôm lấy chính mình và gửi tình yêu đến vạn vật để xoa dịu tâm trí lo âu.","Cơ chế 'Nhất Thể' (Oneness Gauge): Thiết lập một thanh liên kết năng lượng giữa người chơi và môi trường/NPC. Khi người chơi gây sát thương hoặc giúp đỡ kẻ khác, một lượng hiệu ứng (heal hoặc tổn thương) tương ứng sẽ dội ngược lại bản thân. Lựa chọn hội thoại thể hiện tinh thần 'Chúng ta chỉ là Một. Không hề có sự tách biệt nào giữa Ta và con, giữa con và mọi người xung quanh.' sẽ mở khóa dòng năng lượng cộng hưởng, hồi sinh khí lực (HP/MP) cho cả đội mà không cần dùng vật phẩm."
2,Bản Chất Thượng Đế,"Ta không phải là một vị thần phán xét hay trừng phạt. Ta là năng lượng sáng tạo, là tình yêu thuần khiết bao trùm vạn vật.","Thượng đế trong đối thoại không phải là đấng phán xét râu trắng đứng trên cao để cân đo tội lỗi, mà chính là Nguồn năng lượng Tình yêu vô điều kiện bao trùm vạn vật. Lời khẳng định 'Ta không phải là một vị thần phán xét hay trừng phạt. Ta là năng lượng sáng tạo, là tình yêu thuần khiết bao trùm vạn vật.' làm sụp đổ hoàn toàn mọi tín điều tôn giáo sợ hãi truyền thống. Ta đồng hành, trải nghiệm và tự nhận biết mình qua từng niềm vui, nỗi buồn và cả những sai lầm của con.","Đừng tự trách phạt bản thân khi con cảm thấy trì trệ hay không ngủ được. Thượng đế yêu thương con vô điều kiện ngay cả khi con cảm thấy mình 'bất toàn' nhất. Hãy nhắm mắt lại, cảm nhận thông điệp 'Ta không phải là một vị thần phán xét hay trừng phạt. Ta là năng lượng sáng tạo, là tình yêu thuần khiết bao trùm vạn vật.' như một cái ôm ấm áp và buông bỏ mọi gánh nặng phán xét để chìm vào giấc ngủ an lành.","Cơ chế 'Hội thoại Thượng đế' (Divine Conversation): Khi người chơi gặp các thần linh hoặc đền thờ, thay vì nhận nhiệm vụ diệt quái thông thường, họ sẽ đối thoại dựa trên câu nói 'Ta không phải là một vị thần phán xét hay trừng phạt. Ta là năng lượng sáng tạo, là tình yêu thuần khiết bao trùm vạn vật.'. Lựa chọn tin tưởng vào bản tính bao dung sẽ xóa bỏ hoàn toàn các debuff (nguyền rủa, lo âu) của nhân vật và ban cho họ nội tại 'Tự do Ý chí' (miễn nhiễm khống chế)."
3,Bản Chất Thượng Đế,"Ta nói chuyện với tất cả mọi người, mọi lúc. Câu hỏi không phải là Ta nói chuyện với ai, mà là ai đang lắng nghe.","Thượng đế trong đối thoại không phải là đấng phán xét râu trắng đứng trên cao để cân đo tội lỗi, mà chính là Nguồn năng lượng Tình yêu vô điều kiện bao trùm vạn vật. Lời khẳng định 'Ta nói chuyện với tất cả mọi người, mọi lúc. Câu hỏi không phải là Ta nói chuyện với ai, mà là ai đang lắng nghe.' làm sụp đổ hoàn toàn mọi tín điều tôn giáo sợ hãi truyền thống. Ta đồng hành, trải nghiệm và tự nhận biết mình qua từng niềm vui, nỗi buồn và cả những sai lầm của con.","Đừng tự trách phạt bản thân khi con cảm thấy trì trệ hay không ngủ được. Thượng đế yêu thương con vô điều kiện ngay cả khi con cảm thấy mình 'bất toàn' nhất. Hãy nhắm mắt lại, cảm nhận thông điệp 'Ta nói chuyện với tất cả mọi người, mọi lúc. Câu hỏi không phải là Ta nói chuyện với ai, mà là ai đang lắng nghe.' như một cái ôm ấm áp và buông bỏ mọi gánh nặng phán xét để chìm vào giấc ngủ an lành.","Cơ chế 'Hội thoại Thượng đế' (Divine Conversation): Khi người chơi gặp các thần linh hoặc đền thờ, thay vì nhận nhiệm vụ diệt quái thông thường, họ sẽ đối thoại dựa trên câu nói 'Ta nói chuyện với tất cả mọi người, mọi lúc. Câu hỏi không phải là Ta nói chuyện với ai, mà là ai đang lắng nghe.'. Lựa chọn tin tưởng vào bản tính bao dung sẽ xóa bỏ hoàn toàn các debuff (nguyền rủa, lo âu) của nhân vật và ban cho họ nội tại 'Tự do Ý chí' (miễn nhiễm khống chế)."
4,Nhất Thể,"Điều mà con làm cho bản thân, con cũng đang làm cho người khác. Và điều con làm cho người khác, con đang làm cho chính mình.","Thông điệp này từ Quyển 1 chạm đến cốt tủy của Chân lý tối hậu: Sự chia rẽ chỉ là một ảo ảnh vật lý. Trong thế giới thực tại siêu hình, không có ranh giới giữa Ta (Thượng đế) và con, hay giữa con và vạn vật. Khi con hiểu rằng 'Điều mà con làm cho bản thân, con cũng đang làm cho người khác. Và điều con làm cho người khác, con đang làm cho chính mình.', con nhận ra mọi hành động con gieo cho thế giới đều dội ngược lại chính mình, bởi vì tất cả chúng ta đều là các tế bào trên một cơ thể thiêng liêng duy nhất.","Khi con thấy mệt mỏi hay mất ngủ, hãy thả lỏng và ngưng gồng gánh thế giới một mình. Hãy nhận thức rằng con đang kết nối với dòng sinh lực vũ trụ. Lời nhắc 'Điều mà con làm cho bản thân, con cũng đang làm cho người khác. Và điều con làm cho người khác, con đang làm cho chính mình.' là để con hiểu rằng sự an yên của con cũng là sự an yên của vũ trụ. Hãy ôm lấy chính mình và gửi tình yêu đến vạn vật để xoa dịu tâm trí lo âu.","Cơ chế 'Nhất Thể' (Oneness Gauge): Thiết lập một thanh liên kết năng lượng giữa người chơi và môi trường/NPC. Khi người chơi gây sát thương hoặc giúp đỡ kẻ khác, một lượng hiệu ứng (heal hoặc tổn thương) tương ứng sẽ dội ngược lại bản thân. Lựa chọn hội thoại thể hiện tinh thần 'Điều mà con làm cho bản thân, con cũng đang làm cho người khác. Và điều con làm cho người khác, con đang làm cho chính mình.' sẽ mở khóa dòng năng lượng cộng hưởng, hồi sinh khí lực (HP/MP) cho cả đội mà không cần dùng vật phẩm."
5,Sự Thật Tối Hậu,"Không có gì con PHẢI làm, không có gì con cần CÓ, và không có gì con cần trở THÀNH. Hãy chỉ nhận ra con là ai.","Đây là những mệnh đề giải phóng linh hồn khỏi các xiềng xích luân lý do con người tự đặt ra. Siêu hình học chỉ ra rằng linh hồn con hoàn toàn tự do và không chịu sự ràng buộc của bất kỳ hình phạt nào. Ý nghĩa sâu xa của 'Không có gì con PHẢI làm, không có gì con cần CÓ, và không có gì con cần trở THÀNH. Hãy chỉ nhận ra con là ai.' là để con nhận ra tính tự trị tuyệt đối của linh hồn, tự do sáng tạo cuộc đời mà không bị đè nặng bởi cảm giác tội lỗi hay nghĩa vụ.","Nếu anh Kiên đang mệt mỏi, hãy cho phép mình được 'không làm gì cả'. Với thông điệp 'Không có gì con PHẢI làm, không có gì con cần CÓ, và không có gì con cần trở THÀNH. Hãy chỉ nhận ra con là ai.', hãy rũ bỏ áp lực phải hoàn hảo, phải thành công, hay thậm chí là áp lực phải ngủ ngay lập tức. Chấp nhận trạng thái hiện tại chính là chìa khóa để cơ thể tự cân bằng và hồi phục năng lượng.","Cơ chế 'Zero Obligation' (Vô Bộ): Trò chơi loại bỏ thanh đo 'Nhiệm vụ bắt buộc'. Người chơi có thể hoàn thành game bằng cách chọn 'Không làm gì' hoặc tự do dạo chơi. Khi đối mặt với thử thách, việc chọn tinh thần 'Không có gì con PHẢI làm, không có gì con cần CÓ, và không có gì con cần trở THÀNH. Hãy chỉ nhận ra con là ai.' giúp nhân vật mở khóa một kết cục ẩn siêu thoát (Pacifist/Ascension Ending) mà không cần chiến đấu."
6,Nhất Thể,Ta chưa từng gửi đến cho con điều gì khác ngoài những thiên thần. Mọi người con gặp đều mang đến một món quà trải nghiệm.,"Thông điệp này từ Quyển 2 chạm đến cốt tủy của Chân lý tối hậu: Sự chia rẽ chỉ là một ảo ảnh vật lý. Trong thế giới thực tại siêu hình, không có ranh giới giữa Ta (Thượng đế) và con, hay giữa con và vạn vật. Khi con hiểu rằng 'Ta chưa từng gửi đến cho con điều gì khác ngoài những thiên thần. Mọi người con gặp đều mang đến một món quà trải nghiệm.', con nhận ra mọi hành động con gieo cho thế giới đều dội ngược lại chính mình, bởi vì tất cả chúng ta đều là các tế bào trên một cơ thể thiêng liêng duy nhất.","Khi con thấy mệt mỏi hay mất ngủ, hãy thả lỏng và ngưng gồng gánh thế giới một mình. Hãy nhận thức rằng con đang kết nối với dòng sinh lực vũ trụ. Lời nhắc 'Ta chưa từng gửi đến cho con điều gì khác ngoài những thiên thần. Mọi người con gặp đều mang đến một món quà trải nghiệm.' là để con hiểu rằng sự an yên của con cũng là sự an yên của vũ trụ. Hãy ôm lấy chính mình và gửi tình yêu đến vạn vật để xoa dịu tâm trí lo âu.","Cơ chế 'Nhất Thể' (Oneness Gauge): Thiết lập một thanh liên kết năng lượng giữa người chơi và môi trường/NPC. Khi người chơi gây sát thương hoặc giúp đỡ kẻ khác, một lượng hiệu ứng (heal hoặc tổn thương) tương ứng sẽ dội ngược lại bản thân. Lựa chọn hội thoại thể hiện tinh thần 'Ta chưa từng gửi đến cho con điều gì khác ngoài những thiên thần. Mọi người con gặp đều mang đến một món quà trải nghiệm.' sẽ mở khóa dòng năng lượng cộng hưởng, hồi sinh khí lực (HP/MP) cho cả đội mà không cần dùng vật phẩm."
7,Nhất Thể,"Ta là tất cả: Alpha và Omega, khởi đầu và kết thúc, lên và xuống, trong và ngoài, tại đây và bây giờ.","Thông điệp này từ Quyển 3 chạm đến cốt tủy của Chân lý tối hậu: Sự chia rẽ chỉ là một ảo ảnh vật lý. Trong thế giới thực tại siêu hình, không có ranh giới giữa Ta (Thượng đế) và con, hay giữa con và vạn vật. Khi con hiểu rằng 'Ta là tất cả: Alpha và Omega, khởi đầu và kết thúc, lên và xuống, trong và ngoài, tại đây và bây giờ.', con nhận ra mọi hành động con gieo cho thế giới đều dội ngược lại chính mình, bởi vì tất cả chúng ta đều là các tế bào trên một cơ thể thiêng liêng duy nhất.","Khi con thấy mệt mỏi hay mất ngủ, hãy thả lỏng và ngưng gồng gánh thế giới một mình. Hãy nhận thức rằng con đang kết nối với dòng sinh lực vũ trụ. Lời nhắc 'Ta là tất cả: Alpha và Omega, khởi đầu và kết thúc, lên và xuống, trong và ngoài, tại đây và bây giờ.' là để con hiểu rằng sự an yên của con cũng là sự an yên của vũ trụ. Hãy ôm lấy chính mình và gửi tình yêu đến vạn vật để xoa dịu tâm trí lo âu.","Cơ chế 'Nhất Thể' (Oneness Gauge): Thiết lập một thanh liên kết năng lượng giữa người chơi và môi trường/NPC. Khi người chơi gây sát thương hoặc giúp đỡ kẻ khác, một lượng hiệu ứng (heal hoặc tổn thương) tương ứng sẽ dội ngược lại bản thân. Lựa chọn hội thoại thể hiện tinh thần 'Ta là tất cả: Alpha và Omega, khởi đầu và kết thúc, lên và xuống, trong và ngoài, tại đây và bây giờ.' sẽ mở khóa dòng năng lượng cộng hưởng, hồi sinh khí lực (HP/MP) cho cả đội mà không cần dùng vật phẩm."
8,Bản Chất Thượng Đế,"Sự khác biệt duy nhất giữa Ta và con là Ta biết Ta là ai, còn con thì đang tạm quên điều đó.","Thượng đế trong đối thoại không phải là đấng phán xét râu trắng đứng trên cao để cân đo tội lỗi, mà chính là Nguồn năng lượng Tình yêu vô điều kiện bao trùm vạn vật. Lời khẳng định 'Sự khác biệt duy nhất giữa Ta và con là Ta biết Ta là ai, còn con thì đang tạm quên điều đó.' làm sụp đổ hoàn toàn mọi tín điều tôn giáo sợ hãi truyền thống. Ta đồng hành, trải nghiệm và tự nhận biết mình qua từng niềm vui, nỗi buồn và cả những sai lầm của con.","Đừng tự trách phạt bản thân khi con cảm thấy trì trệ hay không ngủ được. Thượng đế yêu thương con vô điều kiện ngay cả khi con cảm thấy mình 'bất toàn' nhất. Hãy nhắm mắt lại, cảm nhận thông điệp 'Sự khác biệt duy nhất giữa Ta và con là Ta biết Ta là ai, còn con thì đang tạm quên điều đó.' như một cái ôm ấm áp và buông bỏ mọi gánh nặng phán xét để chìm vào giấc ngủ an lành.","Cơ chế 'Hội thoại Thượng đế' (Divine Conversation): Khi người chơi gặp các thần linh hoặc đền thờ, thay vì nhận nhiệm vụ diệt quái thông thường, họ sẽ đối thoại dựa trên câu nói 'Sự khác biệt duy nhất giữa Ta và con là Ta biết Ta là ai, còn con thì đang tạm quên điều đó.'. Lựa chọn tin tưởng vào bản tính bao dung sẽ xóa bỏ hoàn toàn các debuff (nguyền rủa, lo âu) của nhân vật và ban cho họ nội tại 'Tự do Ý chí' (miễn nhiễm khống chế)."
9,Sự Thật Tối Hậu,Không có luật lệ nào của Thượng đế ngoại trừ tự do ý chí tuyệt đối. Luật duy nhất của Thượng đế là không có luật nào cả.,"Đây là những mệnh đề giải phóng linh hồn khỏi các xiềng xích luân lý do con người tự đặt ra. Siêu hình học chỉ ra rằng linh hồn con hoàn toàn tự do và không chịu sự ràng buộc của bất kỳ hình phạt nào. Ý nghĩa sâu xa của 'Không có luật lệ nào của Thượng đế ngoại trừ tự do ý chí tuyệt đối. Luật duy nhất của Thượng đế là không có luật nào cả.' là để con nhận ra tính tự trị tuyệt đối của linh hồn, tự do sáng tạo cuộc đời mà không bị đè nặng bởi cảm giác tội lỗi hay nghĩa vụ.","Nếu anh Kiên đang mệt mỏi, hãy cho phép mình được 'không làm gì cả'. Với thông điệp 'Không có luật lệ nào của Thượng đế ngoại trừ tự do ý chí tuyệt đối. Luật duy nhất của Thượng đế là không có luật nào cả.', hãy rũ bỏ áp lực phải hoàn hảo, phải thành công, hay thậm chí là áp lực phải ngủ ngay lập tức. Chấp nhận trạng thái hiện tại chính là chìa khóa để cơ thể tự cân bằng và hồi phục năng lượng.","Cơ chế 'Zero Obligation' (Vô Bộ): Trò chơi loại bỏ thanh đo 'Nhiệm vụ bắt buộc'. Người chơi có thể hoàn thành game bằng cách chọn 'Không làm gì' hoặc tự do dạo chơi. Khi đối mặt với thử thách, việc chọn tinh thần 'Không có luật lệ nào của Thượng đế ngoại trừ tự do ý chí tuyệt đối. Luật duy nhất của Thượng đế là không có luật nào cả.' giúp nhân vật mở khóa một kết cục ẩn siêu thoát (Pacifist/Ascension Ending) mà không cần chiến đấu."
10,Nhất Thể,"Khi con không còn nhìn thấy Ta ở ngoài con, mà tìm thấy Ta trong từng hơi thở, khi đó con đã giao hòa với Ta.","Thông điệp này từ Quyển 1 chạm đến cốt tủy của Chân lý tối hậu: Sự chia rẽ chỉ là một ảo ảnh vật lý. Trong thế giới thực tại siêu hình, không có ranh giới giữa Ta (Thượng đế) và con, hay giữa con và vạn vật. Khi con hiểu rằng 'Khi con không còn nhìn thấy Ta ở ngoài con, mà tìm thấy Ta trong từng hơi thở, khi đó con đã giao hòa với Ta.', con nhận ra mọi hành động con gieo cho thế giới đều dội ngược lại chính mình, bởi vì tất cả chúng ta đều là các tế bào trên một cơ thể thiêng liêng duy nhất.","Khi con thấy mệt mỏi hay mất ngủ, hãy thả lỏng và ngưng gồng gánh thế giới một mình. Hãy nhận thức rằng con đang kết nối với dòng sinh lực vũ trụ. Lời nhắc 'Khi con không còn nhìn thấy Ta ở ngoài con, mà tìm thấy Ta trong từng hơi thở, khi đó con đã giao hòa với Ta.' là để con hiểu rằng sự an yên của con cũng là sự an yên của vũ trụ. Hãy ôm lấy chính mình và gửi tình yêu đến vạn vật để xoa dịu tâm trí lo âu.","Cơ chế 'Nhất Thể' (Oneness Gauge): Thiết lập một thanh liên kết năng lượng giữa người chơi và môi trường/NPC. Khi người chơi gây sát thương hoặc giúp đỡ kẻ khác, một lượng hiệu ứng (heal hoặc tổn thương) tương ứng sẽ dội ngược lại bản thân. Lựa chọn hội thoại thể hiện tinh thần 'Khi con không còn nhìn thấy Ta ở ngoài con, mà tìm thấy Ta trong từng hơi thở, khi đó con đã giao hòa với Ta.' sẽ mở khóa dòng năng lượng cộng hưởng, hồi sinh khí lực (HP/MP) cho cả đội mà không cần dùng vật phẩm."
11,Bản Chất Thượng Đế,Ta không bao giờ nói 'Không' với những lựa chọn của con. Ta luôn nói 'Có' và trao quyền cho con trải nghiệm chúng.,"Thượng đế trong đối thoại không phải là đấng phán xét râu trắng đứng trên cao để cân đo tội lỗi, mà chính là Nguồn năng lượng Tình yêu vô điều kiện bao trùm vạn vật. Lời khẳng định 'Ta không bao giờ nói 'Không' với những lựa chọn của con. Ta luôn nói 'Có' và trao quyền cho con trải nghiệm chúng.' làm sụp đổ hoàn toàn mọi tín điều tôn giáo sợ hãi truyền thống. Ta đồng hành, trải nghiệm và tự nhận biết mình qua từng niềm vui, nỗi buồn và cả những sai lầm của con.","Đừng tự trách phạt bản thân khi con cảm thấy trì trệ hay không ngủ được. Thượng đế yêu thương con vô điều kiện ngay cả khi con cảm thấy mình 'bất toàn' nhất. Hãy nhắm mắt lại, cảm nhận thông điệp 'Ta không bao giờ nói 'Không' với những lựa chọn của con. Ta luôn nói 'Có' và trao quyền cho con trải nghiệm chúng.' như một cái ôm ấm áp và buông bỏ mọi gánh nặng phán xét để chìm vào giấc ngủ an lành.","Cơ chế 'Hội thoại Thượng đế' (Divine Conversation): Khi người chơi gặp các thần linh hoặc đền thờ, thay vì nhận nhiệm vụ diệt quái thông thường, họ sẽ đối thoại dựa trên câu nói 'Ta không bao giờ nói 'Không' với những lựa chọn của con. Ta luôn nói 'Có' và trao quyền cho con trải nghiệm chúng.'. Lựa chọn tin tưởng vào bản tính bao dung sẽ xóa bỏ hoàn toàn các debuff (nguyền rủa, lo âu) của nhân vật và ban cho họ nội tại 'Tự do Ý chí' (miễn nhiễm khống chế)."
12,Nhất Thể,Chỉ có Cái Một Duy Nhất là Chúng Ta. Không bao giờ có nhiều hơn một người ở đây cả.,"Thông điệp này từ Quyển 3 chạm đến cốt tủy của Chân lý tối hậu: Sự chia rẽ chỉ là một ảo ảnh vật lý. Trong thế giới thực tại siêu hình, không có ranh giới giữa Ta (Thượng đế) và con, hay giữa con và vạn vật. Khi con hiểu rằng 'Chỉ có Cái Một Duy Nhất là Chúng Ta. Không bao giờ có nhiều hơn một người ở đây cả.', con nhận ra mọi hành động con gieo cho thế giới đều dội ngược lại chính mình, bởi vì tất cả chúng ta đều là các tế bào trên một cơ thể thiêng liêng duy nhất.","Khi con thấy mệt mỏi hay mất ngủ, hãy thả lỏng và ngưng gồng gánh thế giới một mình. Hãy nhận thức rằng con đang kết nối với dòng sinh lực vũ trụ. Lời nhắc 'Chỉ có Cái Một Duy Nhất là Chúng Ta. Không bao giờ có nhiều hơn một người ở đây cả.' là để con hiểu rằng sự an yên của con cũng là sự an yên của vũ trụ. Hãy ôm lấy chính mình và gửi tình yêu đến vạn vật để xoa dịu tâm trí lo âu.","Cơ chế 'Nhất Thể' (Oneness Gauge): Thiết lập một thanh liên kết năng lượng giữa người chơi và môi trường/NPC. Khi người chơi gây sát thương hoặc giúp đỡ kẻ khác, một lượng hiệu ứng (heal hoặc tổn thương) tương ứng sẽ dội ngược lại bản thân. Lựa chọn hội thoại thể hiện tinh thần 'Chỉ có Cái Một Duy Nhất là Chúng Ta. Không bao giờ có nhiều hơn một người ở đây cả.' sẽ mở khóa dòng năng lượng cộng hưởng, hồi sinh khí lực (HP/MP) cho cả đội mà không cần dùng vật phẩm."
13,Bản Chất Thượng Đế,"Ta là cái cao và cái thấp, cái nóng và cái lạnh, cái tôn quý và cái bất kính. Ta là tất cả những gì hiện hữu.","Thượng đế trong đối thoại không phải là đấng phán xét râu trắng đứng trên cao để cân đo tội lỗi, mà chính là Nguồn năng lượng Tình yêu vô điều kiện bao trùm vạn vật. Lời khẳng định 'Ta là cái cao và cái thấp, cái nóng và cái lạnh, cái tôn quý và cái bất kính. Ta là tất cả những gì hiện hữu.' làm sụp đổ hoàn toàn mọi tín điều tôn giáo sợ hãi truyền thống. Ta đồng hành, trải nghiệm và tự nhận biết mình qua từng niềm vui, nỗi buồn và cả những sai lầm của con.","Đừng tự trách phạt bản thân khi con cảm thấy trì trệ hay không ngủ được. Thượng đế yêu thương con vô điều kiện ngay cả khi con cảm thấy mình 'bất toàn' nhất. Hãy nhắm mắt lại, cảm nhận thông điệp 'Ta là cái cao và cái thấp, cái nóng và cái lạnh, cái tôn quý và cái bất kính. Ta là tất cả những gì hiện hữu.' như một cái ôm ấm áp và buông bỏ mọi gánh nặng phán xét để chìm vào giấc ngủ an lành.","Cơ chế 'Hội thoại Thượng đế' (Divine Conversation): Khi người chơi gặp các thần linh hoặc đền thờ, thay vì nhận nhiệm vụ diệt quái thông thường, họ sẽ đối thoại dựa trên câu nói 'Ta là cái cao và cái thấp, cái nóng và cái lạnh, cái tôn quý và cái bất kính. Ta là tất cả những gì hiện hữu.'. Lựa chọn tin tưởng vào bản tính bao dung sẽ xóa bỏ hoàn toàn các debuff (nguyền rủa, lo âu) của nhân vật và ban cho họ nội tại 'Tự do Ý chí' (miễn nhiễm khống chế)."
14,Nhất Thể,Sự chia rẽ là ảo tưởng lớn nhất của nhân loại. Nó là gốc rễ của mọi nỗi đau khổ và chiến tranh trên Trái Đất.,"Thông điệp này từ Quyển 2 chạm đến cốt tủy của Chân lý tối hậu: Sự chia rẽ chỉ là một ảo ảnh vật lý. Trong thế giới thực tại siêu hình, không có ranh giới giữa Ta (Thượng đế) và con, hay giữa con và vạn vật. Khi con hiểu rằng 'Sự chia rẽ là ảo tưởng lớn nhất của nhân loại. Nó là gốc rễ của mọi nỗi đau khổ và chiến tranh trên Trái Đất.', con nhận ra mọi hành động con gieo cho thế giới đều dội ngược lại chính mình, bởi vì tất cả chúng ta đều là các tế bào trên một cơ thể thiêng liêng duy nhất.","Khi con thấy mệt mỏi hay mất ngủ, hãy thả lỏng và ngưng gồng gánh thế giới một mình. Hãy nhận thức rằng con đang kết nối với dòng sinh lực vũ trụ. Lời nhắc 'Sự chia rẽ là ảo tưởng lớn nhất của nhân loại. Nó là gốc rễ của mọi nỗi đau khổ và chiến tranh trên Trái Đất.' là để con hiểu rằng sự an yên của con cũng là sự an yên của vũ trụ. Hãy ôm lấy chính mình và gửi tình yêu đến vạn vật để xoa dịu tâm trí lo âu.","Cơ chế 'Nhất Thể' (Oneness Gauge): Thiết lập một thanh liên kết năng lượng giữa người chơi và môi trường/NPC. Khi người chơi gây sát thương hoặc giúp đỡ kẻ khác, một lượng hiệu ứng (heal hoặc tổn thương) tương ứng sẽ dội ngược lại bản thân. Lựa chọn hội thoại thể hiện tinh thần 'Sự chia rẽ là ảo tưởng lớn nhất của nhân loại. Nó là gốc rễ của mọi nỗi đau khổ và chiến tranh trên Trái Đất.' sẽ mở khóa dòng năng lượng cộng hưởng, hồi sinh khí lực (HP/MP) cho cả đội mà không cần dùng vật phẩm."
15,Bản Chất Thượng Đế,"Ta không ngồi trên cao để cân đo tội lỗi. Ta cười cùng con, khóc cùng con và kinh nghiệm đời sống thông qua con.","Thượng đế trong đối thoại không phải là đấng phán xét râu trắng đứng trên cao để cân đo tội lỗi, mà chính là Nguồn năng lượng Tình yêu vô điều kiện bao trùm vạn vật. Lời khẳng định 'Ta không ngồi trên cao để cân đo tội lỗi. Ta cười cùng con, khóc cùng con và kinh nghiệm đời sống thông qua con.' làm sụp đổ hoàn toàn mọi tín điều tôn giáo sợ hãi truyền thống. Ta đồng hành, trải nghiệm và tự nhận biết mình qua từng niềm vui, nỗi buồn và cả những sai lầm của con.","Đừng tự trách phạt bản thân khi con cảm thấy trì trệ hay không ngủ được. Thượng đế yêu thương con vô điều kiện ngay cả khi con cảm thấy mình 'bất toàn' nhất. Hãy nhắm mắt lại, cảm nhận thông điệp 'Ta không ngồi trên cao để cân đo tội lỗi. Ta cười cùng con, khóc cùng con và kinh nghiệm đời sống thông qua con.' như một cái ôm ấm áp và buông bỏ mọi gánh nặng phán xét để chìm vào giấc ngủ an lành.","Cơ chế 'Hội thoại Thượng đế' (Divine Conversation): Khi người chơi gặp các thần linh hoặc đền thờ, thay vì nhận nhiệm vụ diệt quái thông thường, họ sẽ đối thoại dựa trên câu nói 'Ta không ngồi trên cao để cân đo tội lỗi. Ta cười cùng con, khóc cùng con và kinh nghiệm đời sống thông qua con.'. Lựa chọn tin tưởng vào bản tính bao dung sẽ xóa bỏ hoàn toàn các debuff (nguyền rủa, lo âu) của nhân vật và ban cho họ nội tại 'Tự do Ý chí' (miễn nhiễm khống chế)."
16,Nhất Thể,"Con là con của Thượng đế, một phần của Thượng đế và ngang hàng với Thượng đế trong quyền năng sáng tạo.","Thông điệp này từ Quyển 1 chạm đến cốt tủy của Chân lý tối hậu: Sự chia rẽ chỉ là một ảo ảnh vật lý. Trong thế giới thực tại siêu hình, không có ranh giới giữa Ta (Thượng đế) và con, hay giữa con và vạn vật. Khi con hiểu rằng 'Con là con của Thượng đế, một phần của Thượng đế và ngang hàng với Thượng đế trong quyền năng sáng tạo.', con nhận ra mọi hành động con gieo cho thế giới đều dội ngược lại chính mình, bởi vì tất cả chúng ta đều là các tế bào trên một cơ thể thiêng liêng duy nhất.","Khi con thấy mệt mỏi hay mất ngủ, hãy thả lỏng và ngưng gồng gánh thế giới một mình. Hãy nhận thức rằng con đang kết nối với dòng sinh lực vũ trụ. Lời nhắc 'Con là con của Thượng đế, một phần của Thượng đế và ngang hàng với Thượng đế trong quyền năng sáng tạo.' là để con hiểu rằng sự an yên của con cũng là sự an yên của vũ trụ. Hãy ôm lấy chính mình và gửi tình yêu đến vạn vật để xoa dịu tâm trí lo âu.","Cơ chế 'Nhất Thể' (Oneness Gauge): Thiết lập một thanh liên kết năng lượng giữa người chơi và môi trường/NPC. Khi người chơi gây sát thương hoặc giúp đỡ kẻ khác, một lượng hiệu ứng (heal hoặc tổn thương) tương ứng sẽ dội ngược lại bản thân. Lựa chọn hội thoại thể hiện tinh thần 'Con là con của Thượng đế, một phần của Thượng đế và ngang hàng với Thượng đế trong quyền năng sáng tạo.' sẽ mở khóa dòng năng lượng cộng hưởng, hồi sinh khí lực (HP/MP) cho cả đội mà không cần dùng vật phẩm."
17,Nhất Thể,Con là Thượng đế đang trải nghiệm chính mình trong hình hài tuyệt vời và độc bản mang tên con người.,"Thông điệp này từ Quyển 10 chạm đến cốt tủy của Chân lý tối hậu: Sự chia rẽ chỉ là một ảo ảnh vật lý. Trong thế giới thực tại siêu hình, không có ranh giới giữa Ta (Thượng đế) và con, hay giữa con và vạn vật. Khi con hiểu rằng 'Con là Thượng đế đang trải nghiệm chính mình trong hình hài tuyệt vời và độc bản mang tên con người.', con nhận ra mọi hành động con gieo cho thế giới đều dội ngược lại chính mình, bởi vì tất cả chúng ta đều là các tế bào trên một cơ thể thiêng liêng duy nhất.","Khi con thấy mệt mỏi hay mất ngủ, hãy thả lỏng và ngưng gồng gánh thế giới một mình. Hãy nhận thức rằng con đang kết nối với dòng sinh lực vũ trụ. Lời nhắc 'Con là Thượng đế đang trải nghiệm chính mình trong hình hài tuyệt vời và độc bản mang tên con người.' là để con hiểu rằng sự an yên của con cũng là sự an yên của vũ trụ. Hãy ôm lấy chính mình và gửi tình yêu đến vạn vật để xoa dịu tâm trí lo âu.","Cơ chế 'Nhất Thể' (Oneness Gauge): Thiết lập một thanh liên kết năng lượng giữa người chơi và môi trường/NPC. Khi người chơi gây sát thương hoặc giúp đỡ kẻ khác, một lượng hiệu ứng (heal hoặc tổn thương) tương ứng sẽ dội ngược lại bản thân. Lựa chọn hội thoại thể hiện tinh thần 'Con là Thượng đế đang trải nghiệm chính mình trong hình hài tuyệt vời và độc bản mang tên con người.' sẽ mở khóa dòng năng lượng cộng hưởng, hồi sinh khí lực (HP/MP) cho cả đội mà không cần dùng vật phẩm."
18,Nhất Thể,"Vương quốc của Ta có rất nhiều dinh thự, và ngay cả Trái Đất này cũng chính là một phần của Thiên đường.","Thông điệp này từ Quyển 3 chạm đến cốt tủy của Chân lý tối hậu: Sự chia rẽ chỉ là một ảo ảnh vật lý. Trong thế giới thực tại siêu hình, không có ranh giới giữa Ta (Thượng đế) và con, hay giữa con và vạn vật. Khi con hiểu rằng 'Vương quốc của Ta có rất nhiều dinh thự, và ngay cả Trái Đất này cũng chính là một phần của Thiên đường.', con nhận ra mọi hành động con gieo cho thế giới đều dội ngược lại chính mình, bởi vì tất cả chúng ta đều là các tế bào trên một cơ thể thiêng liêng duy nhất.","Khi con thấy mệt mỏi hay mất ngủ, hãy thả lỏng và ngưng gồng gánh thế giới một mình. Hãy nhận thức rằng con đang kết nối với dòng sinh lực vũ trụ. Lời nhắc 'Vương quốc của Ta có rất nhiều dinh thự, và ngay cả Trái Đất này cũng chính là một phần của Thiên đường.' là để con hiểu rằng sự an yên của con cũng là sự an yên của vũ trụ. Hãy ôm lấy chính mình và gửi tình yêu đến vạn vật để xoa dịu tâm trí lo âu.","Cơ chế 'Nhất Thể' (Oneness Gauge): Thiết lập một thanh liên kết năng lượng giữa người chơi và môi trường/NPC. Khi người chơi gây sát thương hoặc giúp đỡ kẻ khác, một lượng hiệu ứng (heal hoặc tổn thương) tương ứng sẽ dội ngược lại bản thân. Lựa chọn hội thoại thể hiện tinh thần 'Vương quốc của Ta có rất nhiều dinh thự, và ngay cả Trái Đất này cũng chính là một phần của Thiên đường.' sẽ mở khóa dòng năng lượng cộng hưởng, hồi sinh khí lực (HP/MP) cho cả đội mà không cần dùng vật phẩm."
19,Bản Chất Thượng Đế,Ta không cần bất cứ sự thờ phụng nào của con. Điều duy nhất Ta mong mỏi là con nhận ra sự vĩ đại bên trong chính mình.,"Thượng đế trong đối thoại không phải là đấng phán xét râu trắng đứng trên cao để cân đo tội lỗi, mà chính là Nguồn năng lượng Tình yêu vô điều kiện bao trùm vạn vật. Lời khẳng định 'Ta không cần bất cứ sự thờ phụng nào của con. Điều duy nhất Ta mong mỏi là con nhận ra sự vĩ đại bên trong chính mình.' làm sụp đổ hoàn toàn mọi tín điều tôn giáo sợ hãi truyền thống. Ta đồng hành, trải nghiệm và tự nhận biết mình qua từng niềm vui, nỗi buồn và cả những sai lầm của con.","Đừng tự trách phạt bản thân khi con cảm thấy trì trệ hay không ngủ được. Thượng đế yêu thương con vô điều kiện ngay cả khi con cảm thấy mình 'bất toàn' nhất. Hãy nhắm mắt lại, cảm nhận thông điệp 'Ta không cần bất cứ sự thờ phụng nào của con. Điều duy nhất Ta mong mỏi là con nhận ra sự vĩ đại bên trong chính mình.' như một cái ôm ấm áp và buông bỏ mọi gánh nặng phán xét để chìm vào giấc ngủ an lành.","Cơ chế 'Hội thoại Thượng đế' (Divine Conversation): Khi người chơi gặp các thần linh hoặc đền thờ, thay vì nhận nhiệm vụ diệt quái thông thường, họ sẽ đối thoại dựa trên câu nói 'Ta không cần bất cứ sự thờ phụng nào của con. Điều duy nhất Ta mong mỏi là con nhận ra sự vĩ đại bên trong chính mình.'. Lựa chọn tin tưởng vào bản tính bao dung sẽ xóa bỏ hoàn toàn các debuff (nguyền rủa, lo âu) của nhân vật và ban cho họ nội tại 'Tự do Ý chí' (miễn nhiễm khống chế)."
20,Sự Thật Tối Hậu,"Khi con hiểu rằng mọi sự đều hoàn hảo theo cách của nó, con sẽ không còn phán xét thế giới mà bắt đầu yêu thương nó.","Đây là những mệnh đề giải phóng linh hồn khỏi các xiềng xích luân lý do con người tự đặt ra. Siêu hình học chỉ ra rằng linh hồn con hoàn toàn tự do và không chịu sự ràng buộc của bất kỳ hình phạt nào. Ý nghĩa sâu xa của 'Khi con hiểu rằng mọi sự đều hoàn hảo theo cách của nó, con sẽ không còn phán xét thế giới mà bắt đầu yêu thương nó.' là để con nhận ra tính tự trị tuyệt đối của linh hồn, tự do sáng tạo cuộc đời mà không bị đè nặng bởi cảm giác tội lỗi hay nghĩa vụ.","Nếu anh Kiên đang mệt mỏi, hãy cho phép mình được 'không làm gì cả'. Với thông điệp 'Khi con hiểu rằng mọi sự đều hoàn hảo theo cách của nó, con sẽ không còn phán xét thế giới mà bắt đầu yêu thương nó.', hãy rũ bỏ áp lực phải hoàn hảo, phải thành công, hay thậm chí là áp lực phải ngủ ngay lập tức. Chấp nhận trạng thái hiện tại chính là chìa khóa để cơ thể tự cân bằng và hồi phục năng lượng.","Cơ chế 'Zero Obligation' (Vô Bộ): Trò chơi loại bỏ thanh đo 'Nhiệm vụ bắt buộc'. Người chơi có thể hoàn thành game bằng cách chọn 'Không làm gì' hoặc tự do dạo chơi. Khi đối mặt với thử thách, việc chọn tinh thần 'Khi con hiểu rằng mọi sự đều hoàn hảo theo cách của nó, con sẽ không còn phán xét thế giới mà bắt đầu yêu thương nó.' giúp nhân vật mở khóa một kết cục ẩn siêu thoát (Pacifist/Ascension Ending) mà không cần chiến đấu."
21,Sáng Tạo,"Cuộc đời không phải là một trường học để đi học, mà là một sân chơi sáng tạo để con quyết định và trải nghiệm Con Là Ai.","Cuộc sống không phải là một phòng thi hay trường học để tích điểm, mà là một xưởng thiết kế vĩ đại. Mỗi linh hồn đi vào thế giới vật chất tương đối là để chuyển hóa các ý niệm cao cả nhất thành kinh nghiệm thực tế. Khi con thấu hiểu 'Cuộc đời không phải là một trường học để đi học, mà là một sân chơi sáng tạo để con quyết định và trải nghiệm Con Là Ai.', con chuyển từ trạng thái bị động chịu trận sang chủ động thiết kế lại cuộc đời mình qua suy nghĩ, lời nói và hành động.","Đừng đóng vai nạn nhân của hoàn cảnh mệt mỏi hay áp lực kinh tế. Hãy dùng quyền năng sáng tạo của con. Nếu 'Cuộc đời không phải là một trường học để đi học, mà là một sân chơi sáng tạo để con quyết định và trải nghiệm Con Là Ai.', hãy bắt đầu ngày mới bằng việc định hình lại suy nghĩ: 'Tôi chọn sự khỏe mạnh và vui vẻ'. Ý thức mới này sẽ điều chỉnh các phản ứng sinh hóa trong cơ thể con, giúp giải phóng năng lượng trì trệ.","Cơ chế 'Tam Hợp Kiến Tạo' (Trinity Crafting System): Người chơi thu thập và kết hợp 3 loại tài nguyên năng lượng: Suy nghĩ (Tư duy), Lời nói (Phát ngôn), và Hành động để tự tạo ra (craft) các kỹ năng độc bản. Nhiệm vụ trong game yêu cầu người chơi hiện thực hóa thông điệp 'Cuộc đời không phải là một trường học để đi học, mà là một sân chơi sáng tạo để con quyết định và trải nghiệm Con Là Ai.' bằng cách đồng bộ cả 3 yếu tố này để giải các câu đố môi trường."
22,Sức Mạnh Ý Thức,"Khi con tuyên bố 'Ta là', con đang kích hoạt quyền năng sáng tạo lớn nhất trong vũ trụ.","Ý thức là kiến trúc sư trưởng của thực tại vật lý. Thế giới bên ngoài chỉ là chiếc màn chiếu phản ánh những gì con đang giữ kín trong tâm trí. Bản chất siêu hình của việc 'Khi con tuyên bố 'Ta là', con đang kích hoạt quyền năng sáng tạo lớn nhất trong vũ trụ.' là quy luật cộng hưởng năng lượng: những gì con tập trung vào hoặc kháng cự mạnh mẽ nhất sẽ được vũ trụ 'nhân bản' và kéo về phía con nhiều hơn.","Khi mất ngủ, càng bực bội và tìm cách 'chống cự' cơn mất ngủ, con càng kích hoạt hệ thần kinh tỉnh táo. Hãy ứng dụng nguyên lý 'Khi con tuyên bố 'Ta là', con đang kích hoạt quyền năng sáng tạo lớn nhất trong vũ trụ.': chấp nhận việc mình đang thức một cách thản nhiên, hướng tâm trí vào sự biết ơn chiếc giường êm ái. Sự kháng cự biến mất, cơ thể sẽ tự động chìm vào giấc ngủ.","Cơ chế 'Tập trung & Kháng cự' (Focus & Resonance System): Bản đồ game sẽ tự động sinh quái vật hoặc bẫy rập dựa trên những thuộc tính mà người chơi liên tục lo sợ hoặc tấn công (kháng cự). Để vượt qua màn chơi theo tinh thần 'Khi con tuyên bố 'Ta là', con đang kích hoạt quyền năng sáng tạo lớn nhất trong vũ trụ.', người chơi phải sử dụng kỹ năng 'Chấp nhận' hoặc 'Hòa giải', khiến quái vật tự động chuyển hóa thành năng lượng lành."
23,Sáng Tạo,"Ba công cụ của sự sáng tạo là: Suy nghĩ, Lời nói và Hành động. Hãy sử dụng chúng một cách có ý thức.","Cuộc sống không phải là một phòng thi hay trường học để tích điểm, mà là một xưởng thiết kế vĩ đại. Mỗi linh hồn đi vào thế giới vật chất tương đối là để chuyển hóa các ý niệm cao cả nhất thành kinh nghiệm thực tế. Khi con thấu hiểu 'Ba công cụ của sự sáng tạo là: Suy nghĩ, Lời nói và Hành động. Hãy sử dụng chúng một cách có ý thức.', con chuyển từ trạng thái bị động chịu trận sang chủ động thiết kế lại cuộc đời mình qua suy nghĩ, lời nói và hành động.","Đừng đóng vai nạn nhân của hoàn cảnh mệt mỏi hay áp lực kinh tế. Hãy dùng quyền năng sáng tạo của con. Nếu 'Ba công cụ của sự sáng tạo là: Suy nghĩ, Lời nói và Hành động. Hãy sử dụng chúng một cách có ý thức.', hãy bắt đầu ngày mới bằng việc định hình lại suy nghĩ: 'Tôi chọn sự khỏe mạnh và vui vẻ'. Ý thức mới này sẽ điều chỉnh các phản ứng sinh hóa trong cơ thể con, giúp giải phóng năng lượng trì trệ.","Cơ chế 'Tam Hợp Kiến Tạo' (Trinity Crafting System): Người chơi thu thập và kết hợp 3 loại tài nguyên năng lượng: Suy nghĩ (Tư duy), Lời nói (Phát ngôn), và Hành động để tự tạo ra (craft) các kỹ năng độc bản. Nhiệm vụ trong game yêu cầu người chơi hiện thực hóa thông điệp 'Ba công cụ của sự sáng tạo là: Suy nghĩ, Lời nói và Hành động. Hãy sử dụng chúng một cách có ý thức.' bằng cách đồng bộ cả 3 yếu tố này để giải các câu đố môi trường."
24,Sức Mạnh Ý Thức,Mỗi suy nghĩ của con là một năng lượng sáng tạo. Những gì con tập trung suy nghĩ vào nhiều nhất sẽ trở thành thực tại của con.,Ý thức là kiến trúc sư trưởng của thực tại vật lý. Thế giới bên ngoài chỉ là chiếc màn chiếu phản ánh những gì con đang giữ kín trong tâm trí. Bản chất siêu hình của việc 'Mỗi suy nghĩ của con là một năng lượng sáng tạo. Những gì con tập trung suy nghĩ vào nhiều nhất sẽ trở thành thực tại của con.' là quy luật cộng hưởng năng lượng: những gì con tập trung vào hoặc kháng cự mạnh mẽ nhất sẽ được vũ trụ 'nhân bản' và kéo về phía con nhiều hơn.,"Khi mất ngủ, càng bực bội và tìm cách 'chống cự' cơn mất ngủ, con càng kích hoạt hệ thần kinh tỉnh táo. Hãy ứng dụng nguyên lý 'Mỗi suy nghĩ của con là một năng lượng sáng tạo. Những gì con tập trung suy nghĩ vào nhiều nhất sẽ trở thành thực tại của con.': chấp nhận việc mình đang thức một cách thản nhiên, hướng tâm trí vào sự biết ơn chiếc giường êm ái. Sự kháng cự biến mất, cơ thể sẽ tự động chìm vào giấc ngủ.","Cơ chế 'Tập trung & Kháng cự' (Focus & Resonance System): Bản đồ game sẽ tự động sinh quái vật hoặc bẫy rập dựa trên những thuộc tính mà người chơi liên tục lo sợ hoặc tấn công (kháng cự). Để vượt qua màn chơi theo tinh thần 'Mỗi suy nghĩ của con là một năng lượng sáng tạo. Những gì con tập trung suy nghĩ vào nhiều nhất sẽ trở thành thực tại của con.', người chơi phải sử dụng kỹ năng 'Chấp nhận' hoặc 'Hòa giải', khiến quái vật tự động chuyển hóa thành năng lượng lành."
25,Sáng Tạo,"Đừng xin điều con thiếu, vì hành động cầu xin chỉ khẳng định con đang không có nó. Hãy cảm ơn như thể mọi sự đã hoàn tất.","Cuộc sống không phải là một phòng thi hay trường học để tích điểm, mà là một xưởng thiết kế vĩ đại. Mỗi linh hồn đi vào thế giới vật chất tương đối là để chuyển hóa các ý niệm cao cả nhất thành kinh nghiệm thực tế. Khi con thấu hiểu 'Đừng xin điều con thiếu, vì hành động cầu xin chỉ khẳng định con đang không có nó. Hãy cảm ơn như thể mọi sự đã hoàn tất.', con chuyển từ trạng thái bị động chịu trận sang chủ động thiết kế lại cuộc đời mình qua suy nghĩ, lời nói và hành động.","Đừng đóng vai nạn nhân của hoàn cảnh mệt mỏi hay áp lực kinh tế. Hãy dùng quyền năng sáng tạo của con. Nếu 'Đừng xin điều con thiếu, vì hành động cầu xin chỉ khẳng định con đang không có nó. Hãy cảm ơn như thể mọi sự đã hoàn tất.', hãy bắt đầu ngày mới bằng việc định hình lại suy nghĩ: 'Tôi chọn sự khỏe mạnh và vui vẻ'. Ý thức mới này sẽ điều chỉnh các phản ứng sinh hóa trong cơ thể con, giúp giải phóng năng lượng trì trệ.","Cơ chế 'Tam Hợp Kiến Tạo' (Trinity Crafting System): Người chơi thu thập và kết hợp 3 loại tài nguyên năng lượng: Suy nghĩ (Tư duy), Lời nói (Phát ngôn), và Hành động để tự tạo ra (craft) các kỹ năng độc bản. Nhiệm vụ trong game yêu cầu người chơi hiện thực hóa thông điệp 'Đừng xin điều con thiếu, vì hành động cầu xin chỉ khẳng định con đang không có nó. Hãy cảm ơn như thể mọi sự đã hoàn tất.' bằng cách đồng bộ cả 3 yếu tố này để giải các câu đố môi trường."
26,Sức Mạnh Ý Thức,Mô hình kiến tạo đúng đắn của vũ trụ là Be - Do - Have (Là - Làm - Có). Hãy bắt đầu từ trạng thái Hiện Hữu trước.,Ý thức là kiến trúc sư trưởng của thực tại vật lý. Thế giới bên ngoài chỉ là chiếc màn chiếu phản ánh những gì con đang giữ kín trong tâm trí. Bản chất siêu hình của việc 'Mô hình kiến tạo đúng đắn của vũ trụ là Be - Do - Have (Là - Làm - Có). Hãy bắt đầu từ trạng thái Hiện Hữu trước.' là quy luật cộng hưởng năng lượng: những gì con tập trung vào hoặc kháng cự mạnh mẽ nhất sẽ được vũ trụ 'nhân bản' và kéo về phía con nhiều hơn.,"Khi mất ngủ, càng bực bội và tìm cách 'chống cự' cơn mất ngủ, con càng kích hoạt hệ thần kinh tỉnh táo. Hãy ứng dụng nguyên lý 'Mô hình kiến tạo đúng đắn của vũ trụ là Be - Do - Have (Là - Làm - Có). Hãy bắt đầu từ trạng thái Hiện Hữu trước.': chấp nhận việc mình đang thức một cách thản nhiên, hướng tâm trí vào sự biết ơn chiếc giường êm ái. Sự kháng cự biến mất, cơ thể sẽ tự động chìm vào giấc ngủ.","Cơ chế 'Tập trung & Kháng cự' (Focus & Resonance System): Bản đồ game sẽ tự động sinh quái vật hoặc bẫy rập dựa trên những thuộc tính mà người chơi liên tục lo sợ hoặc tấn công (kháng cự). Để vượt qua màn chơi theo tinh thần 'Mô hình kiến tạo đúng đắn của vũ trụ là Be - Do - Have (Là - Làm - Có). Hãy bắt đầu từ trạng thái Hiện Hữu trước.', người chơi phải sử dụng kỹ năng 'Chấp nhận' hoặc 'Hòa giải', khiến quái vật tự động chuyển hóa thành năng lượng lành."
27,Sáng Tạo,Hãy chấm dứt lối sống vô ý thức như một nạn nhân của hoàn cảnh. Con chính là đấng đồng sáng tạo thực tại của mình.,"Cuộc sống không phải là một phòng thi hay trường học để tích điểm, mà là một xưởng thiết kế vĩ đại. Mỗi linh hồn đi vào thế giới vật chất tương đối là để chuyển hóa các ý niệm cao cả nhất thành kinh nghiệm thực tế. Khi con thấu hiểu 'Hãy chấm dứt lối sống vô ý thức như một nạn nhân của hoàn cảnh. Con chính là đấng đồng sáng tạo thực tại của mình.', con chuyển từ trạng thái bị động chịu trận sang chủ động thiết kế lại cuộc đời mình qua suy nghĩ, lời nói và hành động.","Đừng đóng vai nạn nhân của hoàn cảnh mệt mỏi hay áp lực kinh tế. Hãy dùng quyền năng sáng tạo của con. Nếu 'Hãy chấm dứt lối sống vô ý thức như một nạn nhân của hoàn cảnh. Con chính là đấng đồng sáng tạo thực tại của mình.', hãy bắt đầu ngày mới bằng việc định hình lại suy nghĩ: 'Tôi chọn sự khỏe mạnh và vui vẻ'. Ý thức mới này sẽ điều chỉnh các phản ứng sinh hóa trong cơ thể con, giúp giải phóng năng lượng trì trệ.","Cơ chế 'Tam Hợp Kiến Tạo' (Trinity Crafting System): Người chơi thu thập và kết hợp 3 loại tài nguyên năng lượng: Suy nghĩ (Tư duy), Lời nói (Phát ngôn), và Hành động để tự tạo ra (craft) các kỹ năng độc bản. Nhiệm vụ trong game yêu cầu người chơi hiện thực hóa thông điệp 'Hãy chấm dứt lối sống vô ý thức như một nạn nhân của hoàn cảnh. Con chính là đấng đồng sáng tạo thực tại của mình.' bằng cách đồng bộ cả 3 yếu tố này để giải các câu đố môi trường."
28,Sức Mạnh Ý Thức,"Chân lý không phải là một hiện thực khách quan. Lập trường của con tạo ra nhận thức, và nhận thức kiến tạo nên chân lý.","Ý thức là kiến trúc sư trưởng của thực tại vật lý. Thế giới bên ngoài chỉ là chiếc màn chiếu phản ánh những gì con đang giữ kín trong tâm trí. Bản chất siêu hình của việc 'Chân lý không phải là một hiện thực khách quan. Lập trường của con tạo ra nhận thức, và nhận thức kiến tạo nên chân lý.' là quy luật cộng hưởng năng lượng: những gì con tập trung vào hoặc kháng cự mạnh mẽ nhất sẽ được vũ trụ 'nhân bản' và kéo về phía con nhiều hơn.","Khi mất ngủ, càng bực bội và tìm cách 'chống cự' cơn mất ngủ, con càng kích hoạt hệ thần kinh tỉnh táo. Hãy ứng dụng nguyên lý 'Chân lý không phải là một hiện thực khách quan. Lập trường của con tạo ra nhận thức, và nhận thức kiến tạo nên chân lý.': chấp nhận việc mình đang thức một cách thản nhiên, hướng tâm trí vào sự biết ơn chiếc giường êm ái. Sự kháng cự biến mất, cơ thể sẽ tự động chìm vào giấc ngủ.","Cơ chế 'Tập trung & Kháng cự' (Focus & Resonance System): Bản đồ game sẽ tự động sinh quái vật hoặc bẫy rập dựa trên những thuộc tính mà người chơi liên tục lo sợ hoặc tấn công (kháng cự). Để vượt qua màn chơi theo tinh thần 'Chân lý không phải là một hiện thực khách quan. Lập trường của con tạo ra nhận thức, và nhận thức kiến tạo nên chân lý.', người chơi phải sử dụng kỹ năng 'Chấp nhận' hoặc 'Hòa giải', khiến quái vật tự động chuyển hóa thành năng lượng lành."
29,Sức Mạnh Ý Thức,"Những gì con chống cự sẽ tồn tại. Khi con kháng cự điều gì, con đang trực tiếp truyền năng lượng nuôi dưỡng cho nó.","Ý thức là kiến trúc sư trưởng của thực tại vật lý. Thế giới bên ngoài chỉ là chiếc màn chiếu phản ánh những gì con đang giữ kín trong tâm trí. Bản chất siêu hình của việc 'Những gì con chống cự sẽ tồn tại. Khi con kháng cự điều gì, con đang trực tiếp truyền năng lượng nuôi dưỡng cho nó.' là quy luật cộng hưởng năng lượng: những gì con tập trung vào hoặc kháng cự mạnh mẽ nhất sẽ được vũ trụ 'nhân bản' và kéo về phía con nhiều hơn.","Khi mất ngủ, càng bực bội và tìm cách 'chống cự' cơn mất ngủ, con càng kích hoạt hệ thần kinh tỉnh táo. Hãy ứng dụng nguyên lý 'Những gì con chống cự sẽ tồn tại. Khi con kháng cự điều gì, con đang trực tiếp truyền năng lượng nuôi dưỡng cho nó.': chấp nhận việc mình đang thức một cách thản nhiên, hướng tâm trí vào sự biết ơn chiếc giường êm ái. Sự kháng cự biến mất, cơ thể sẽ tự động chìm vào giấc ngủ.","Cơ chế 'Tập trung & Kháng cự' (Focus & Resonance System): Bản đồ game sẽ tự động sinh quái vật hoặc bẫy rập dựa trên những thuộc tính mà người chơi liên tục lo sợ hoặc tấn công (kháng cự). Để vượt qua màn chơi theo tinh thần 'Những gì con chống cự sẽ tồn tại. Khi con kháng cự điều gì, con đang trực tiếp truyền năng lượng nuôi dưỡng cho nó.', người chơi phải sử dụng kỹ năng 'Chấp nhận' hoặc 'Hòa giải', khiến quái vật tự động chuyển hóa thành năng lượng lành."
30,Sáng Tạo,Không có gì là sai trái khi con nhận được tiền tài từ công việc gieo rắc sự tử tế và chữa lành. Hãy để dòng chảy tự do lưu thông.,"Cuộc sống không phải là một phòng thi hay trường học để tích điểm, mà là một xưởng thiết kế vĩ đại. Mỗi linh hồn đi vào thế giới vật chất tương đối là để chuyển hóa các ý niệm cao cả nhất thành kinh nghiệm thực tế. Khi con thấu hiểu 'Không có gì là sai trái khi con nhận được tiền tài từ công việc gieo rắc sự tử tế và chữa lành. Hãy để dòng chảy tự do lưu thông.', con chuyển từ trạng thái bị động chịu trận sang chủ động thiết kế lại cuộc đời mình qua suy nghĩ, lời nói và hành động.","Đừng đóng vai nạn nhân của hoàn cảnh mệt mỏi hay áp lực kinh tế. Hãy dùng quyền năng sáng tạo của con. Nếu 'Không có gì là sai trái khi con nhận được tiền tài từ công việc gieo rắc sự tử tế và chữa lành. Hãy để dòng chảy tự do lưu thông.', hãy bắt đầu ngày mới bằng việc định hình lại suy nghĩ: 'Tôi chọn sự khỏe mạnh và vui vẻ'. Ý thức mới này sẽ điều chỉnh các phản ứng sinh hóa trong cơ thể con, giúp giải phóng năng lượng trì trệ.","Cơ chế 'Tam Hợp Kiến Tạo' (Trinity Crafting System): Người chơi thu thập và kết hợp 3 loại tài nguyên năng lượng: Suy nghĩ (Tư duy), Lời nói (Phát ngôn), và Hành động để tự tạo ra (craft) các kỹ năng độc bản. Nhiệm vụ trong game yêu cầu người chơi hiện thực hóa thông điệp 'Không có gì là sai trái khi con nhận được tiền tài từ công việc gieo rắc sự tử tế và chữa lành. Hãy để dòng chảy tự do lưu thông.' bằng cách đồng bộ cả 3 yếu tố này để giải các câu đố môi trường."
31,Sức Mạnh Ý Thức,Tâm trí con là một chiếc máy chiếu khổng lồ. Thế giới bên ngoài chỉ phản chiếu những gì con đang giữ kín bên trong.,Ý thức là kiến trúc sư trưởng của thực tại vật lý. Thế giới bên ngoài chỉ là chiếc màn chiếu phản ánh những gì con đang giữ kín trong tâm trí. Bản chất siêu hình của việc 'Tâm trí con là một chiếc máy chiếu khổng lồ. Thế giới bên ngoài chỉ phản chiếu những gì con đang giữ kín bên trong.' là quy luật cộng hưởng năng lượng: những gì con tập trung vào hoặc kháng cự mạnh mẽ nhất sẽ được vũ trụ 'nhân bản' và kéo về phía con nhiều hơn.,"Khi mất ngủ, càng bực bội và tìm cách 'chống cự' cơn mất ngủ, con càng kích hoạt hệ thần kinh tỉnh táo. Hãy ứng dụng nguyên lý 'Tâm trí con là một chiếc máy chiếu khổng lồ. Thế giới bên ngoài chỉ phản chiếu những gì con đang giữ kín bên trong.': chấp nhận việc mình đang thức một cách thản nhiên, hướng tâm trí vào sự biết ơn chiếc giường êm ái. Sự kháng cự biến mất, cơ thể sẽ tự động chìm vào giấc ngủ.","Cơ chế 'Tập trung & Kháng cự' (Focus & Resonance System): Bản đồ game sẽ tự động sinh quái vật hoặc bẫy rập dựa trên những thuộc tính mà người chơi liên tục lo sợ hoặc tấn công (kháng cự). Để vượt qua màn chơi theo tinh thần 'Tâm trí con là một chiếc máy chiếu khổng lồ. Thế giới bên ngoài chỉ phản chiếu những gì con đang giữ kín bên trong.', người chơi phải sử dụng kỹ năng 'Chấp nhận' hoặc 'Hòa giải', khiến quái vật tự động chuyển hóa thành năng lượng lành."
32,Sáng Tạo,Mỗi khoảnh khắc là một cơ hội để con tự tái tạo mình trong phiên bản vĩ đại nhất của ý niệm cao cả nhất.,"Cuộc sống không phải là một phòng thi hay trường học để tích điểm, mà là một xưởng thiết kế vĩ đại. Mỗi linh hồn đi vào thế giới vật chất tương đối là để chuyển hóa các ý niệm cao cả nhất thành kinh nghiệm thực tế. Khi con thấu hiểu 'Mỗi khoảnh khắc là một cơ hội để con tự tái tạo mình trong phiên bản vĩ đại nhất của ý niệm cao cả nhất.', con chuyển từ trạng thái bị động chịu trận sang chủ động thiết kế lại cuộc đời mình qua suy nghĩ, lời nói và hành động.","Đừng đóng vai nạn nhân của hoàn cảnh mệt mỏi hay áp lực kinh tế. Hãy dùng quyền năng sáng tạo của con. Nếu 'Mỗi khoảnh khắc là một cơ hội để con tự tái tạo mình trong phiên bản vĩ đại nhất của ý niệm cao cả nhất.', hãy bắt đầu ngày mới bằng việc định hình lại suy nghĩ: 'Tôi chọn sự khỏe mạnh và vui vẻ'. Ý thức mới này sẽ điều chỉnh các phản ứng sinh hóa trong cơ thể con, giúp giải phóng năng lượng trì trệ.","Cơ chế 'Tam Hợp Kiến Tạo' (Trinity Crafting System): Người chơi thu thập và kết hợp 3 loại tài nguyên năng lượng: Suy nghĩ (Tư duy), Lời nói (Phát ngôn), và Hành động để tự tạo ra (craft) các kỹ năng độc bản. Nhiệm vụ trong game yêu cầu người chơi hiện thực hóa thông điệp 'Mỗi khoảnh khắc là một cơ hội để con tự tái tạo mình trong phiên bản vĩ đại nhất của ý niệm cao cả nhất.' bằng cách đồng bộ cả 3 yếu tố này để giải các câu đố môi trường."
33,Sức Mạnh Ý Thức,"Sự thay đổi thế giới không bắt đầu từ việc sửa đổi xã hội bên ngoài, mà từ việc chuyển dịch ý thức bên trong từng cá nhân.","Ý thức là kiến trúc sư trưởng của thực tại vật lý. Thế giới bên ngoài chỉ là chiếc màn chiếu phản ánh những gì con đang giữ kín trong tâm trí. Bản chất siêu hình của việc 'Sự thay đổi thế giới không bắt đầu từ việc sửa đổi xã hội bên ngoài, mà từ việc chuyển dịch ý thức bên trong từng cá nhân.' là quy luật cộng hưởng năng lượng: những gì con tập trung vào hoặc kháng cự mạnh mẽ nhất sẽ được vũ trụ 'nhân bản' và kéo về phía con nhiều hơn.","Khi mất ngủ, càng bực bội và tìm cách 'chống cự' cơn mất ngủ, con càng kích hoạt hệ thần kinh tỉnh táo. Hãy ứng dụng nguyên lý 'Sự thay đổi thế giới không bắt đầu từ việc sửa đổi xã hội bên ngoài, mà từ việc chuyển dịch ý thức bên trong từng cá nhân.': chấp nhận việc mình đang thức một cách thản nhiên, hướng tâm trí vào sự biết ơn chiếc giường êm ái. Sự kháng cự biến mất, cơ thể sẽ tự động chìm vào giấc ngủ.","Cơ chế 'Tập trung & Kháng cự' (Focus & Resonance System): Bản đồ game sẽ tự động sinh quái vật hoặc bẫy rập dựa trên những thuộc tính mà người chơi liên tục lo sợ hoặc tấn công (kháng cự). Để vượt qua màn chơi theo tinh thần 'Sự thay đổi thế giới không bắt đầu từ việc sửa đổi xã hội bên ngoài, mà từ việc chuyển dịch ý thức bên trong từng cá nhân.', người chơi phải sử dụng kỹ năng 'Chấp nhận' hoặc 'Hòa giải', khiến quái vật tự động chuyển hóa thành năng lượng lành."
34,Sáng Tạo,Tất cả các điều kiện vật chất đều là nhất thời và luôn biến đổi. Con có thể định hình lại chúng bằng chính tư tưởng mới.,"Cuộc sống không phải là một phòng thi hay trường học để tích điểm, mà là một xưởng thiết kế vĩ đại. Mỗi linh hồn đi vào thế giới vật chất tương đối là để chuyển hóa các ý niệm cao cả nhất thành kinh nghiệm thực tế. Khi con thấu hiểu 'Tất cả các điều kiện vật chất đều là nhất thời và luôn biến đổi. Con có thể định hình lại chúng bằng chính tư tưởng mới.', con chuyển từ trạng thái bị động chịu trận sang chủ động thiết kế lại cuộc đời mình qua suy nghĩ, lời nói và hành động.","Đừng đóng vai nạn nhân của hoàn cảnh mệt mỏi hay áp lực kinh tế. Hãy dùng quyền năng sáng tạo của con. Nếu 'Tất cả các điều kiện vật chất đều là nhất thời và luôn biến đổi. Con có thể định hình lại chúng bằng chính tư tưởng mới.', hãy bắt đầu ngày mới bằng việc định hình lại suy nghĩ: 'Tôi chọn sự khỏe mạnh và vui vẻ'. Ý thức mới này sẽ điều chỉnh các phản ứng sinh hóa trong cơ thể con, giúp giải phóng năng lượng trì trệ.","Cơ chế 'Tam Hợp Kiến Tạo' (Trinity Crafting System): Người chơi thu thập và kết hợp 3 loại tài nguyên năng lượng: Suy nghĩ (Tư duy), Lời nói (Phát ngôn), và Hành động để tự tạo ra (craft) các kỹ năng độc bản. Nhiệm vụ trong game yêu cầu người chơi hiện thực hóa thông điệp 'Tất cả các điều kiện vật chất đều là nhất thời và luôn biến đổi. Con có thể định hình lại chúng bằng chính tư tưởng mới.' bằng cách đồng bộ cả 3 yếu tố này để giải các câu đố môi trường."
35,Sức Mạnh Ý Thức,"Khi con có ý nghĩ rõ ràng và vững chắc, hãy bắt đầu nói và hành động như thể nó đã là chân lý hiện hữu.","Ý thức là kiến trúc sư trưởng của thực tại vật lý. Thế giới bên ngoài chỉ là chiếc màn chiếu phản ánh những gì con đang giữ kín trong tâm trí. Bản chất siêu hình của việc 'Khi con có ý nghĩ rõ ràng và vững chắc, hãy bắt đầu nói và hành động như thể nó đã là chân lý hiện hữu.' là quy luật cộng hưởng năng lượng: những gì con tập trung vào hoặc kháng cự mạnh mẽ nhất sẽ được vũ trụ 'nhân bản' và kéo về phía con nhiều hơn.","Khi mất ngủ, càng bực bội và tìm cách 'chống cự' cơn mất ngủ, con càng kích hoạt hệ thần kinh tỉnh táo. Hãy ứng dụng nguyên lý 'Khi con có ý nghĩ rõ ràng và vững chắc, hãy bắt đầu nói và hành động như thể nó đã là chân lý hiện hữu.': chấp nhận việc mình đang thức một cách thản nhiên, hướng tâm trí vào sự biết ơn chiếc giường êm ái. Sự kháng cự biến mất, cơ thể sẽ tự động chìm vào giấc ngủ.","Cơ chế 'Tập trung & Kháng cự' (Focus & Resonance System): Bản đồ game sẽ tự động sinh quái vật hoặc bẫy rập dựa trên những thuộc tính mà người chơi liên tục lo sợ hoặc tấn công (kháng cự). Để vượt qua màn chơi theo tinh thần 'Khi con có ý nghĩ rõ ràng và vững chắc, hãy bắt đầu nói và hành động như thể nó đã là chân lý hiện hữu.', người chơi phải sử dụng kỹ năng 'Chấp nhận' hoặc 'Hòa giải', khiến quái vật tự động chuyển hóa thành năng lượng lành."
36,Sáng Tạo,Con không thể sáng tạo ra cái mà con đang chối bỏ. Hãy chúc phúc cho cái sai để con có thể tự do chọn cái đúng.,"Cuộc sống không phải là một phòng thi hay trường học để tích điểm, mà là một xưởng thiết kế vĩ đại. Mỗi linh hồn đi vào thế giới vật chất tương đối là để chuyển hóa các ý niệm cao cả nhất thành kinh nghiệm thực tế. Khi con thấu hiểu 'Con không thể sáng tạo ra cái mà con đang chối bỏ. Hãy chúc phúc cho cái sai để con có thể tự do chọn cái đúng.', con chuyển từ trạng thái bị động chịu trận sang chủ động thiết kế lại cuộc đời mình qua suy nghĩ, lời nói và hành động.","Đừng đóng vai nạn nhân của hoàn cảnh mệt mỏi hay áp lực kinh tế. Hãy dùng quyền năng sáng tạo của con. Nếu 'Con không thể sáng tạo ra cái mà con đang chối bỏ. Hãy chúc phúc cho cái sai để con có thể tự do chọn cái đúng.', hãy bắt đầu ngày mới bằng việc định hình lại suy nghĩ: 'Tôi chọn sự khỏe mạnh và vui vẻ'. Ý thức mới này sẽ điều chỉnh các phản ứng sinh hóa trong cơ thể con, giúp giải phóng năng lượng trì trệ.","Cơ chế 'Tam Hợp Kiến Tạo' (Trinity Crafting System): Người chơi thu thập và kết hợp 3 loại tài nguyên năng lượng: Suy nghĩ (Tư duy), Lời nói (Phát ngôn), và Hành động để tự tạo ra (craft) các kỹ năng độc bản. Nhiệm vụ trong game yêu cầu người chơi hiện thực hóa thông điệp 'Con không thể sáng tạo ra cái mà con đang chối bỏ. Hãy chúc phúc cho cái sai để con có thể tự do chọn cái đúng.' bằng cách đồng bộ cả 3 yếu tố này để giải các câu đố môi trường."
37,Sức Mạnh Ý Thức,Hãy vượt khỏi ranh giới của lý trí phân tích. Chỉ có con đường của trái tim mới dẫn con chạm đến chân lý vĩ đại.,Ý thức là kiến trúc sư trưởng của thực tại vật lý. Thế giới bên ngoài chỉ là chiếc màn chiếu phản ánh những gì con đang giữ kín trong tâm trí. Bản chất siêu hình của việc 'Hãy vượt khỏi ranh giới của lý trí phân tích. Chỉ có con đường của trái tim mới dẫn con chạm đến chân lý vĩ đại.' là quy luật cộng hưởng năng lượng: những gì con tập trung vào hoặc kháng cự mạnh mẽ nhất sẽ được vũ trụ 'nhân bản' và kéo về phía con nhiều hơn.,"Khi mất ngủ, càng bực bội và tìm cách 'chống cự' cơn mất ngủ, con càng kích hoạt hệ thần kinh tỉnh táo. Hãy ứng dụng nguyên lý 'Hãy vượt khỏi ranh giới của lý trí phân tích. Chỉ có con đường của trái tim mới dẫn con chạm đến chân lý vĩ đại.': chấp nhận việc mình đang thức một cách thản nhiên, hướng tâm trí vào sự biết ơn chiếc giường êm ái. Sự kháng cự biến mất, cơ thể sẽ tự động chìm vào giấc ngủ.","Cơ chế 'Tập trung & Kháng cự' (Focus & Resonance System): Bản đồ game sẽ tự động sinh quái vật hoặc bẫy rập dựa trên những thuộc tính mà người chơi liên tục lo sợ hoặc tấn công (kháng cự). Để vượt qua màn chơi theo tinh thần 'Hãy vượt khỏi ranh giới của lý trí phân tích. Chỉ có con đường của trái tim mới dẫn con chạm đến chân lý vĩ đại.', người chơi phải sử dụng kỹ năng 'Chấp nhận' hoặc 'Hòa giải', khiến quái vật tự động chuyển hóa thành năng lượng lành."
38,Sáng Tạo,"Con không bao giờ có thể thua trong trò chơi này, vì đích đến cuối cùng đã được Ta thiết lập sẵn là sự quay trở về.","Cuộc sống không phải là một phòng thi hay trường học để tích điểm, mà là một xưởng thiết kế vĩ đại. Mỗi linh hồn đi vào thế giới vật chất tương đối là để chuyển hóa các ý niệm cao cả nhất thành kinh nghiệm thực tế. Khi con thấu hiểu 'Con không bao giờ có thể thua trong trò chơi này, vì đích đến cuối cùng đã được Ta thiết lập sẵn là sự quay trở về.', con chuyển từ trạng thái bị động chịu trận sang chủ động thiết kế lại cuộc đời mình qua suy nghĩ, lời nói và hành động.","Đừng đóng vai nạn nhân của hoàn cảnh mệt mỏi hay áp lực kinh tế. Hãy dùng quyền năng sáng tạo của con. Nếu 'Con không bao giờ có thể thua trong trò chơi này, vì đích đến cuối cùng đã được Ta thiết lập sẵn là sự quay trở về.', hãy bắt đầu ngày mới bằng việc định hình lại suy nghĩ: 'Tôi chọn sự khỏe mạnh và vui vẻ'. Ý thức mới này sẽ điều chỉnh các phản ứng sinh hóa trong cơ thể con, giúp giải phóng năng lượng trì trệ.","Cơ chế 'Tam Hợp Kiến Tạo' (Trinity Crafting System): Người chơi thu thập và kết hợp 3 loại tài nguyên năng lượng: Suy nghĩ (Tư duy), Lời nói (Phát ngôn), và Hành động để tự tạo ra (craft) các kỹ năng độc bản. Nhiệm vụ trong game yêu cầu người chơi hiện thực hóa thông điệp 'Con không bao giờ có thể thua trong trò chơi này, vì đích đến cuối cùng đã được Ta thiết lập sẵn là sự quay trở về.' bằng cách đồng bộ cả 3 yếu tố này để giải các câu đố môi trường."
39,Sức Mạnh Ý Thức,Sự lo âu chỉ là phản ứng của tâm trí trước ảo vọng thiếu thốn. Hãy hít thở sâu và nhận biết sự đủ đầy của vũ trụ.,Ý thức là kiến trúc sư trưởng của thực tại vật lý. Thế giới bên ngoài chỉ là chiếc màn chiếu phản ánh những gì con đang giữ kín trong tâm trí. Bản chất siêu hình của việc 'Sự lo âu chỉ là phản ứng của tâm trí trước ảo vọng thiếu thốn. Hãy hít thở sâu và nhận biết sự đủ đầy của vũ trụ.' là quy luật cộng hưởng năng lượng: những gì con tập trung vào hoặc kháng cự mạnh mẽ nhất sẽ được vũ trụ 'nhân bản' và kéo về phía con nhiều hơn.,"Khi mất ngủ, càng bực bội và tìm cách 'chống cự' cơn mất ngủ, con càng kích hoạt hệ thần kinh tỉnh táo. Hãy ứng dụng nguyên lý 'Sự lo âu chỉ là phản ứng của tâm trí trước ảo vọng thiếu thốn. Hãy hít thở sâu và nhận biết sự đủ đầy của vũ trụ.': chấp nhận việc mình đang thức một cách thản nhiên, hướng tâm trí vào sự biết ơn chiếc giường êm ái. Sự kháng cự biến mất, cơ thể sẽ tự động chìm vào giấc ngủ.","Cơ chế 'Tập trung & Kháng cự' (Focus & Resonance System): Bản đồ game sẽ tự động sinh quái vật hoặc bẫy rập dựa trên những thuộc tính mà người chơi liên tục lo sợ hoặc tấn công (kháng cự). Để vượt qua màn chơi theo tinh thần 'Sự lo âu chỉ là phản ứng của tâm trí trước ảo vọng thiếu thốn. Hãy hít thở sâu và nhận biết sự đủ đầy của vũ trụ.', người chơi phải sử dụng kỹ năng 'Chấp nhận' hoặc 'Hòa giải', khiến quái vật tự động chuyển hóa thành năng lượng lành."
40,Sáng Tạo,"Thượng đế là một Quá Trình liên tục sáng tạo, và chính con cũng là một phần không thể tách rời của Quá trình thần thánh đó.","Cuộc sống không phải là một phòng thi hay trường học để tích điểm, mà là một xưởng thiết kế vĩ đại. Mỗi linh hồn đi vào thế giới vật chất tương đối là để chuyển hóa các ý niệm cao cả nhất thành kinh nghiệm thực tế. Khi con thấu hiểu 'Thượng đế là một Quá Trình liên tục sáng tạo, và chính con cũng là một phần không thể tách rời của Quá trình thần thánh đó.', con chuyển từ trạng thái bị động chịu trận sang chủ động thiết kế lại cuộc đời mình qua suy nghĩ, lời nói và hành động.","Đừng đóng vai nạn nhân của hoàn cảnh mệt mỏi hay áp lực kinh tế. Hãy dùng quyền năng sáng tạo của con. Nếu 'Thượng đế là một Quá Trình liên tục sáng tạo, và chính con cũng là một phần không thể tách rời của Quá trình thần thánh đó.', hãy bắt đầu ngày mới bằng việc định hình lại suy nghĩ: 'Tôi chọn sự khỏe mạnh và vui vẻ'. Ý thức mới này sẽ điều chỉnh các phản ứng sinh hóa trong cơ thể con, giúp giải phóng năng lượng trì trệ.","Cơ chế 'Tam Hợp Kiến Tạo' (Trinity Crafting System): Người chơi thu thập và kết hợp 3 loại tài nguyên năng lượng: Suy nghĩ (Tư duy), Lời nói (Phát ngôn), và Hành động để tự tạo ra (craft) các kỹ năng độc bản. Nhiệm vụ trong game yêu cầu người chơi hiện thực hóa thông điệp 'Thượng đế là một Quá Trình liên tục sáng tạo, và chính con cũng là một phần không thể tách rời của Quá trình thần thánh đó.' bằng cách đồng bộ cả 3 yếu tố này để giải các câu đố môi trường."
41,Tình Yêu và Sợ Hãi,Mọi hành động của con người đều được thúc đẩy bởi một trong hai cảm xúc gốc rễ: Tình Yêu hoặc Sợ Hãi.,"Trong vũ trụ nhị nguyên tương đối, chỉ có hai nguồn năng lượng gốc rễ vận hành mọi hành vi của con người: Tình yêu (năng lượng mở rộng, chữa lành) và Sợ hãi (năng lượng co rút, tự vệ). Khi Thượng đế nhắc nhở 'Mọi hành động của con người đều được thúc đẩy bởi một trong hai cảm xúc gốc rễ: Tình Yêu hoặc Sợ Hãi.', Ngài muốn con thấu suốt rằng mọi hành vi tiêu cực của người khác thực chất là tiếng kêu cứu của nỗi sợ, và chỉ có Tình yêu thương vô điều kiện mới có thể chuyển hóa được nó.","Khi những cơn hoảng sợ, lo âu giật mình gõ cửa lúc nửa đêm, hãy ôm lấy nỗi sợ đó thay vì trốn chạy. Hãy tự hỏi theo thông điệp 'Mọi hành động của con người đều được thúc đẩy bởi một trong hai cảm xúc gốc rễ: Tình Yêu hoặc Sợ Hãi.': 'Lúc này, Tình yêu tự thân sẽ làm gì?'. Hãy hít thở sâu, gửi tình thương đến cơ thể đang mệt mỏi của con. Khi tình yêu lên tiếng, bóng tối của sợ hãi sẽ tự khắc tan biến.","Hệ thống lựa chọn 'Love/Fear Gauge' (Thay thế Karma): Người chơi đối mặt với các NPC hung dữ. Nếu chọn phản ứng Sợ hãi (tấn công phòng thủ, tích trữ tài nguyên), chỉ số phòng thủ cá nhân tăng nhưng NPC sẽ thù ghét. Nếu chọn phản ứng Tình yêu theo tinh thần 'Mọi hành động của con người đều được thúc đẩy bởi một trong hai cảm xúc gốc rễ: Tình Yêu hoặc Sợ Hãi.' (chia sẻ, thấu cảm), người chơi sẽ mở khóa mạch truyện ẩn và có thêm đồng đội mạnh mẽ."
42,Tình Yêu và Sợ Hãi,"Sợ hãi co rút, đóng kín, cất giấu và gây tổn thương. Tình yêu mở rộng, chia sẻ, chữa lành và tự do.","Trong vũ trụ nhị nguyên tương đối, chỉ có hai nguồn năng lượng gốc rễ vận hành mọi hành vi của con người: Tình yêu (năng lượng mở rộng, chữa lành) và Sợ hãi (năng lượng co rút, tự vệ). Khi Thượng đế nhắc nhở 'Sợ hãi co rút, đóng kín, cất giấu và gây tổn thương. Tình yêu mở rộng, chia sẻ, chữa lành và tự do.', Ngài muốn con thấu suốt rằng mọi hành vi tiêu cực của người khác thực chất là tiếng kêu cứu của nỗi sợ, và chỉ có Tình yêu thương vô điều kiện mới có thể chuyển hóa được nó.","Khi những cơn hoảng sợ, lo âu giật mình gõ cửa lúc nửa đêm, hãy ôm lấy nỗi sợ đó thay vì trốn chạy. Hãy tự hỏi theo thông điệp 'Sợ hãi co rút, đóng kín, cất giấu và gây tổn thương. Tình yêu mở rộng, chia sẻ, chữa lành và tự do.': 'Lúc này, Tình yêu tự thân sẽ làm gì?'. Hãy hít thở sâu, gửi tình thương đến cơ thể đang mệt mỏi của con. Khi tình yêu lên tiếng, bóng tối của sợ hãi sẽ tự khắc tan biến.","Hệ thống lựa chọn 'Love/Fear Gauge' (Thay thế Karma): Người chơi đối mặt với các NPC hung dữ. Nếu chọn phản ứng Sợ hãi (tấn công phòng thủ, tích trữ tài nguyên), chỉ số phòng thủ cá nhân tăng nhưng NPC sẽ thù ghét. Nếu chọn phản ứng Tình yêu theo tinh thần 'Sợ hãi co rút, đóng kín, cất giấu và gây tổn thương. Tình yêu mở rộng, chia sẻ, chữa lành và tự do.' (chia sẻ, thấu cảm), người chơi sẽ mở khóa mạch truyện ẩn và có thêm đồng đội mạnh mẽ."
43,Tình Yêu và Sợ Hãi,"Khi con đứng trước ngã rẽ hay bối rối, hãy luôn tự hỏi mình câu hỏi tối thượng này: 'Tình yêu sẽ làm gì lúc này?'","Trong vũ trụ nhị nguyên tương đối, chỉ có hai nguồn năng lượng gốc rễ vận hành mọi hành vi của con người: Tình yêu (năng lượng mở rộng, chữa lành) và Sợ hãi (năng lượng co rút, tự vệ). Khi Thượng đế nhắc nhở 'Khi con đứng trước ngã rẽ hay bối rối, hãy luôn tự hỏi mình câu hỏi tối thượng này: 'Tình yêu sẽ làm gì lúc này?'', Ngài muốn con thấu suốt rằng mọi hành vi tiêu cực của người khác thực chất là tiếng kêu cứu của nỗi sợ, và chỉ có Tình yêu thương vô điều kiện mới có thể chuyển hóa được nó.","Khi những cơn hoảng sợ, lo âu giật mình gõ cửa lúc nửa đêm, hãy ôm lấy nỗi sợ đó thay vì trốn chạy. Hãy tự hỏi theo thông điệp 'Khi con đứng trước ngã rẽ hay bối rối, hãy luôn tự hỏi mình câu hỏi tối thượng này: 'Tình yêu sẽ làm gì lúc này?'': 'Lúc này, Tình yêu tự thân sẽ làm gì?'. Hãy hít thở sâu, gửi tình thương đến cơ thể đang mệt mỏi của con. Khi tình yêu lên tiếng, bóng tối của sợ hãi sẽ tự khắc tan biến.","Hệ thống lựa chọn 'Love/Fear Gauge' (Thay thế Karma): Người chơi đối mặt với các NPC hung dữ. Nếu chọn phản ứng Sợ hãi (tấn công phòng thủ, tích trữ tài nguyên), chỉ số phòng thủ cá nhân tăng nhưng NPC sẽ thù ghét. Nếu chọn phản ứng Tình yêu theo tinh thần 'Khi con đứng trước ngã rẽ hay bối rối, hãy luôn tự hỏi mình câu hỏi tối thượng này: 'Tình yêu sẽ làm gì lúc này?'' (chia sẻ, thấu cảm), người chơi sẽ mở khóa mạch truyện ẩn và có thêm đồng đội mạnh mẽ."
44,Tình Yêu và Sợ Hãi,Cảm xúc cao cả nhất mà linh hồn con liên tục tìm kiếm để trải nghiệm chính là Tình yêu tuyệt đối không điều kiện.,"Trong vũ trụ nhị nguyên tương đối, chỉ có hai nguồn năng lượng gốc rễ vận hành mọi hành vi của con người: Tình yêu (năng lượng mở rộng, chữa lành) và Sợ hãi (năng lượng co rút, tự vệ). Khi Thượng đế nhắc nhở 'Cảm xúc cao cả nhất mà linh hồn con liên tục tìm kiếm để trải nghiệm chính là Tình yêu tuyệt đối không điều kiện.', Ngài muốn con thấu suốt rằng mọi hành vi tiêu cực của người khác thực chất là tiếng kêu cứu của nỗi sợ, và chỉ có Tình yêu thương vô điều kiện mới có thể chuyển hóa được nó.","Khi những cơn hoảng sợ, lo âu giật mình gõ cửa lúc nửa đêm, hãy ôm lấy nỗi sợ đó thay vì trốn chạy. Hãy tự hỏi theo thông điệp 'Cảm xúc cao cả nhất mà linh hồn con liên tục tìm kiếm để trải nghiệm chính là Tình yêu tuyệt đối không điều kiện.': 'Lúc này, Tình yêu tự thân sẽ làm gì?'. Hãy hít thở sâu, gửi tình thương đến cơ thể đang mệt mỏi của con. Khi tình yêu lên tiếng, bóng tối của sợ hãi sẽ tự khắc tan biến.","Hệ thống lựa chọn 'Love/Fear Gauge' (Thay thế Karma): Người chơi đối mặt với các NPC hung dữ. Nếu chọn phản ứng Sợ hãi (tấn công phòng thủ, tích trữ tài nguyên), chỉ số phòng thủ cá nhân tăng nhưng NPC sẽ thù ghét. Nếu chọn phản ứng Tình yêu theo tinh thần 'Cảm xúc cao cả nhất mà linh hồn con liên tục tìm kiếm để trải nghiệm chính là Tình yêu tuyệt đối không điều kiện.' (chia sẻ, thấu cảm), người chơi sẽ mở khóa mạch truyện ẩn và có thêm đồng đội mạnh mẽ."
45,Tình Yêu và Sợ Hãi,Tình yêu không phải là sự hy sinh hay đòi hỏi trao đổi. Tình yêu đích thực là sự tự do hoàn toàn cho cả hai phía.,"Trong vũ trụ nhị nguyên tương đối, chỉ có hai nguồn năng lượng gốc rễ vận hành mọi hành vi của con người: Tình yêu (năng lượng mở rộng, chữa lành) và Sợ hãi (năng lượng co rút, tự vệ). Khi Thượng đế nhắc nhở 'Tình yêu không phải là sự hy sinh hay đòi hỏi trao đổi. Tình yêu đích thực là sự tự do hoàn toàn cho cả hai phía.', Ngài muốn con thấu suốt rằng mọi hành vi tiêu cực của người khác thực chất là tiếng kêu cứu của nỗi sợ, và chỉ có Tình yêu thương vô điều kiện mới có thể chuyển hóa được nó.","Khi những cơn hoảng sợ, lo âu giật mình gõ cửa lúc nửa đêm, hãy ôm lấy nỗi sợ đó thay vì trốn chạy. Hãy tự hỏi theo thông điệp 'Tình yêu không phải là sự hy sinh hay đòi hỏi trao đổi. Tình yêu đích thực là sự tự do hoàn toàn cho cả hai phía.': 'Lúc này, Tình yêu tự thân sẽ làm gì?'. Hãy hít thở sâu, gửi tình thương đến cơ thể đang mệt mỏi của con. Khi tình yêu lên tiếng, bóng tối của sợ hãi sẽ tự khắc tan biến.","Hệ thống lựa chọn 'Love/Fear Gauge' (Thay thế Karma): Người chơi đối mặt với các NPC hung dữ. Nếu chọn phản ứng Sợ hãi (tấn công phòng thủ, tích trữ tài nguyên), chỉ số phòng thủ cá nhân tăng nhưng NPC sẽ thù ghét. Nếu chọn phản ứng Tình yêu theo tinh thần 'Tình yêu không phải là sự hy sinh hay đòi hỏi trao đổi. Tình yêu đích thực là sự tự do hoàn toàn cho cả hai phía.' (chia sẻ, thấu cảm), người chơi sẽ mở khóa mạch truyện ẩn và có thêm đồng đội mạnh mẽ."
46,Tình Yêu và Sợ Hãi,Sợ hãi là thứ năng lượng hút về những gì con lo sợ nhất. Hãy buông bỏ sợ hãi để nhường chỗ cho niềm tin tỏa sáng.,"Trong vũ trụ nhị nguyên tương đối, chỉ có hai nguồn năng lượng gốc rễ vận hành mọi hành vi của con người: Tình yêu (năng lượng mở rộng, chữa lành) và Sợ hãi (năng lượng co rút, tự vệ). Khi Thượng đế nhắc nhở 'Sợ hãi là thứ năng lượng hút về những gì con lo sợ nhất. Hãy buông bỏ sợ hãi để nhường chỗ cho niềm tin tỏa sáng.', Ngài muốn con thấu suốt rằng mọi hành vi tiêu cực của người khác thực chất là tiếng kêu cứu của nỗi sợ, và chỉ có Tình yêu thương vô điều kiện mới có thể chuyển hóa được nó.","Khi những cơn hoảng sợ, lo âu giật mình gõ cửa lúc nửa đêm, hãy ôm lấy nỗi sợ đó thay vì trốn chạy. Hãy tự hỏi theo thông điệp 'Sợ hãi là thứ năng lượng hút về những gì con lo sợ nhất. Hãy buông bỏ sợ hãi để nhường chỗ cho niềm tin tỏa sáng.': 'Lúc này, Tình yêu tự thân sẽ làm gì?'. Hãy hít thở sâu, gửi tình thương đến cơ thể đang mệt mỏi của con. Khi tình yêu lên tiếng, bóng tối của sợ hãi sẽ tự khắc tan biến.","Hệ thống lựa chọn 'Love/Fear Gauge' (Thay thế Karma): Người chơi đối mặt với các NPC hung dữ. Nếu chọn phản ứng Sợ hãi (tấn công phòng thủ, tích trữ tài nguyên), chỉ số phòng thủ cá nhân tăng nhưng NPC sẽ thù ghét. Nếu chọn phản ứng Tình yêu theo tinh thần 'Sợ hãi là thứ năng lượng hút về những gì con lo sợ nhất. Hãy buông bỏ sợ hãi để nhường chỗ cho niềm tin tỏa sáng.' (chia sẻ, thấu cảm), người chơi sẽ mở khóa mạch truyện ẩn và có thêm đồng đội mạnh mẽ."
47,Tình Yêu và Sợ Hãi,Sự tức giận chỉ là một biểu hiện méo mó của nỗi sợ hãi bên dưới. Hãy chữa lành nó bằng lòng trắc ẩn và sự thấu hiểu.,"Trong vũ trụ nhị nguyên tương đối, chỉ có hai nguồn năng lượng gốc rễ vận hành mọi hành vi của con người: Tình yêu (năng lượng mở rộng, chữa lành) và Sợ hãi (năng lượng co rút, tự vệ). Khi Thượng đế nhắc nhở 'Sự tức giận chỉ là một biểu hiện méo mó của nỗi sợ hãi bên dưới. Hãy chữa lành nó bằng lòng trắc ẩn và sự thấu hiểu.', Ngài muốn con thấu suốt rằng mọi hành vi tiêu cực của người khác thực chất là tiếng kêu cứu của nỗi sợ, và chỉ có Tình yêu thương vô điều kiện mới có thể chuyển hóa được nó.","Khi những cơn hoảng sợ, lo âu giật mình gõ cửa lúc nửa đêm, hãy ôm lấy nỗi sợ đó thay vì trốn chạy. Hãy tự hỏi theo thông điệp 'Sự tức giận chỉ là một biểu hiện méo mó của nỗi sợ hãi bên dưới. Hãy chữa lành nó bằng lòng trắc ẩn và sự thấu hiểu.': 'Lúc này, Tình yêu tự thân sẽ làm gì?'. Hãy hít thở sâu, gửi tình thương đến cơ thể đang mệt mỏi của con. Khi tình yêu lên tiếng, bóng tối của sợ hãi sẽ tự khắc tan biến.","Hệ thống lựa chọn 'Love/Fear Gauge' (Thay thế Karma): Người chơi đối mặt với các NPC hung dữ. Nếu chọn phản ứng Sợ hãi (tấn công phòng thủ, tích trữ tài nguyên), chỉ số phòng thủ cá nhân tăng nhưng NPC sẽ thù ghét. Nếu chọn phản ứng Tình yêu theo tinh thần 'Sự tức giận chỉ là một biểu hiện méo mó của nỗi sợ hãi bên dưới. Hãy chữa lành nó bằng lòng trắc ẩn và sự thấu hiểu.' (chia sẻ, thấu cảm), người chơi sẽ mở khóa mạch truyện ẩn và có thêm đồng đội mạnh mẽ."
48,Tình Yêu và Sợ Hãi,Không có kẻ thù nào ở ngoài kia cả. Mọi sự đối nghịch chỉ là cơ hội để con lựa chọn biểu hiện tình yêu vĩ đại của mình.,"Trong vũ trụ nhị nguyên tương đối, chỉ có hai nguồn năng lượng gốc rễ vận hành mọi hành vi của con người: Tình yêu (năng lượng mở rộng, chữa lành) và Sợ hãi (năng lượng co rút, tự vệ). Khi Thượng đế nhắc nhở 'Không có kẻ thù nào ở ngoài kia cả. Mọi sự đối nghịch chỉ là cơ hội để con lựa chọn biểu hiện tình yêu vĩ đại của mình.', Ngài muốn con thấu suốt rằng mọi hành vi tiêu cực của người khác thực chất là tiếng kêu cứu của nỗi sợ, và chỉ có Tình yêu thương vô điều kiện mới có thể chuyển hóa được nó.","Khi những cơn hoảng sợ, lo âu giật mình gõ cửa lúc nửa đêm, hãy ôm lấy nỗi sợ đó thay vì trốn chạy. Hãy tự hỏi theo thông điệp 'Không có kẻ thù nào ở ngoài kia cả. Mọi sự đối nghịch chỉ là cơ hội để con lựa chọn biểu hiện tình yêu vĩ đại của mình.': 'Lúc này, Tình yêu tự thân sẽ làm gì?'. Hãy hít thở sâu, gửi tình thương đến cơ thể đang mệt mỏi của con. Khi tình yêu lên tiếng, bóng tối của sợ hãi sẽ tự khắc tan biến.","Hệ thống lựa chọn 'Love/Fear Gauge' (Thay thế Karma): Người chơi đối mặt với các NPC hung dữ. Nếu chọn phản ứng Sợ hãi (tấn công phòng thủ, tích trữ tài nguyên), chỉ số phòng thủ cá nhân tăng nhưng NPC sẽ thù ghét. Nếu chọn phản ứng Tình yêu theo tinh thần 'Không có kẻ thù nào ở ngoài kia cả. Mọi sự đối nghịch chỉ là cơ hội để con lựa chọn biểu hiện tình yêu vĩ đại của mình.' (chia sẻ, thấu cảm), người chơi sẽ mở khóa mạch truyện ẩn và có thêm đồng đội mạnh mẽ."
49,Tình Yêu và Sợ Hãi,Nỗi sợ lớn nhất của con người là nỗi sợ không xứng đáng. Nhưng Ta nói cho con biết: con mãi mãi hoàn hảo và xứng đáng.,"Trong vũ trụ nhị nguyên tương đối, chỉ có hai nguồn năng lượng gốc rễ vận hành mọi hành vi của con người: Tình yêu (năng lượng mở rộng, chữa lành) và Sợ hãi (năng lượng co rút, tự vệ). Khi Thượng đế nhắc nhở 'Nỗi sợ lớn nhất của con người là nỗi sợ không xứng đáng. Nhưng Ta nói cho con biết: con mãi mãi hoàn hảo và xứng đáng.', Ngài muốn con thấu suốt rằng mọi hành vi tiêu cực của người khác thực chất là tiếng kêu cứu của nỗi sợ, và chỉ có Tình yêu thương vô điều kiện mới có thể chuyển hóa được nó.","Khi những cơn hoảng sợ, lo âu giật mình gõ cửa lúc nửa đêm, hãy ôm lấy nỗi sợ đó thay vì trốn chạy. Hãy tự hỏi theo thông điệp 'Nỗi sợ lớn nhất của con người là nỗi sợ không xứng đáng. Nhưng Ta nói cho con biết: con mãi mãi hoàn hảo và xứng đáng.': 'Lúc này, Tình yêu tự thân sẽ làm gì?'. Hãy hít thở sâu, gửi tình thương đến cơ thể đang mệt mỏi của con. Khi tình yêu lên tiếng, bóng tối của sợ hãi sẽ tự khắc tan biến.","Hệ thống lựa chọn 'Love/Fear Gauge' (Thay thế Karma): Người chơi đối mặt với các NPC hung dữ. Nếu chọn phản ứng Sợ hãi (tấn công phòng thủ, tích trữ tài nguyên), chỉ số phòng thủ cá nhân tăng nhưng NPC sẽ thù ghét. Nếu chọn phản ứng Tình yêu theo tinh thần 'Nỗi sợ lớn nhất của con người là nỗi sợ không xứng đáng. Nhưng Ta nói cho con biết: con mãi mãi hoàn hảo và xứng đáng.' (chia sẻ, thấu cảm), người chơi sẽ mở khóa mạch truyện ẩn và có thêm đồng đội mạnh mẽ."
50,Tình Yêu và Sợ Hãi,"Học thuyết nhị nguyên cho thấy: không có bóng tối, con sẽ không bao giờ biết đến sự vĩ đại của ánh sáng bên trong mình.","Trong vũ trụ nhị nguyên tương đối, chỉ có hai nguồn năng lượng gốc rễ vận hành mọi hành vi của con người: Tình yêu (năng lượng mở rộng, chữa lành) và Sợ hãi (năng lượng co rút, tự vệ). Khi Thượng đế nhắc nhở 'Học thuyết nhị nguyên cho thấy: không có bóng tối, con sẽ không bao giờ biết đến sự vĩ đại của ánh sáng bên trong mình.', Ngài muốn con thấu suốt rằng mọi hành vi tiêu cực của người khác thực chất là tiếng kêu cứu của nỗi sợ, và chỉ có Tình yêu thương vô điều kiện mới có thể chuyển hóa được nó.","Khi những cơn hoảng sợ, lo âu giật mình gõ cửa lúc nửa đêm, hãy ôm lấy nỗi sợ đó thay vì trốn chạy. Hãy tự hỏi theo thông điệp 'Học thuyết nhị nguyên cho thấy: không có bóng tối, con sẽ không bao giờ biết đến sự vĩ đại của ánh sáng bên trong mình.': 'Lúc này, Tình yêu tự thân sẽ làm gì?'. Hãy hít thở sâu, gửi tình thương đến cơ thể đang mệt mỏi của con. Khi tình yêu lên tiếng, bóng tối của sợ hãi sẽ tự khắc tan biến.","Hệ thống lựa chọn 'Love/Fear Gauge' (Thay thế Karma): Người chơi đối mặt với các NPC hung dữ. Nếu chọn phản ứng Sợ hãi (tấn công phòng thủ, tích trữ tài nguyên), chỉ số phòng thủ cá nhân tăng nhưng NPC sẽ thù ghét. Nếu chọn phản ứng Tình yêu theo tinh thần 'Học thuyết nhị nguyên cho thấy: không có bóng tối, con sẽ không bao giờ biết đến sự vĩ đại của ánh sáng bên trong mình.' (chia sẻ, thấu cảm), người chơi sẽ mở khóa mạch truyện ẩn và có thêm đồng đội mạnh mẽ."
51,Tình Yêu và Sợ Hãi,Hãy tha thứ cho bản thân mình trước hết. Sự tự buộc tội chính là rào cản ngăn con cảm nhận tình yêu của Ta.,"Trong vũ trụ nhị nguyên tương đối, chỉ có hai nguồn năng lượng gốc rễ vận hành mọi hành vi của con người: Tình yêu (năng lượng mở rộng, chữa lành) và Sợ hãi (năng lượng co rút, tự vệ). Khi Thượng đế nhắc nhở 'Hãy tha thứ cho bản thân mình trước hết. Sự tự buộc tội chính là rào cản ngăn con cảm nhận tình yêu của Ta.', Ngài muốn con thấu suốt rằng mọi hành vi tiêu cực của người khác thực chất là tiếng kêu cứu của nỗi sợ, và chỉ có Tình yêu thương vô điều kiện mới có thể chuyển hóa được nó.","Khi những cơn hoảng sợ, lo âu giật mình gõ cửa lúc nửa đêm, hãy ôm lấy nỗi sợ đó thay vì trốn chạy. Hãy tự hỏi theo thông điệp 'Hãy tha thứ cho bản thân mình trước hết. Sự tự buộc tội chính là rào cản ngăn con cảm nhận tình yêu của Ta.': 'Lúc này, Tình yêu tự thân sẽ làm gì?'. Hãy hít thở sâu, gửi tình thương đến cơ thể đang mệt mỏi của con. Khi tình yêu lên tiếng, bóng tối của sợ hãi sẽ tự khắc tan biến.","Hệ thống lựa chọn 'Love/Fear Gauge' (Thay thế Karma): Người chơi đối mặt với các NPC hung dữ. Nếu chọn phản ứng Sợ hãi (tấn công phòng thủ, tích trữ tài nguyên), chỉ số phòng thủ cá nhân tăng nhưng NPC sẽ thù ghét. Nếu chọn phản ứng Tình yêu theo tinh thần 'Hãy tha thứ cho bản thân mình trước hết. Sự tự buộc tội chính là rào cản ngăn con cảm nhận tình yêu của Ta.' (chia sẻ, thấu cảm), người chơi sẽ mở khóa mạch truyện ẩn và có thêm đồng đội mạnh mẽ."
52,Tình Yêu và Sợ Hãi,"Khi con diễn tả sự thật của mình bằng tình yêu mến, mọi hậu quả tiêu cực hay tổn thương sẽ tự khắc biến mất.","Trong vũ trụ nhị nguyên tương đối, chỉ có hai nguồn năng lượng gốc rễ vận hành mọi hành vi của con người: Tình yêu (năng lượng mở rộng, chữa lành) và Sợ hãi (năng lượng co rút, tự vệ). Khi Thượng đế nhắc nhở 'Khi con diễn tả sự thật của mình bằng tình yêu mến, mọi hậu quả tiêu cực hay tổn thương sẽ tự khắc biến mất.', Ngài muốn con thấu suốt rằng mọi hành vi tiêu cực của người khác thực chất là tiếng kêu cứu của nỗi sợ, và chỉ có Tình yêu thương vô điều kiện mới có thể chuyển hóa được nó.","Khi những cơn hoảng sợ, lo âu giật mình gõ cửa lúc nửa đêm, hãy ôm lấy nỗi sợ đó thay vì trốn chạy. Hãy tự hỏi theo thông điệp 'Khi con diễn tả sự thật của mình bằng tình yêu mến, mọi hậu quả tiêu cực hay tổn thương sẽ tự khắc biến mất.': 'Lúc này, Tình yêu tự thân sẽ làm gì?'. Hãy hít thở sâu, gửi tình thương đến cơ thể đang mệt mỏi của con. Khi tình yêu lên tiếng, bóng tối của sợ hãi sẽ tự khắc tan biến.","Hệ thống lựa chọn 'Love/Fear Gauge' (Thay thế Karma): Người chơi đối mặt với các NPC hung dữ. Nếu chọn phản ứng Sợ hãi (tấn công phòng thủ, tích trữ tài nguyên), chỉ số phòng thủ cá nhân tăng nhưng NPC sẽ thù ghét. Nếu chọn phản ứng Tình yêu theo tinh thần 'Khi con diễn tả sự thật của mình bằng tình yêu mến, mọi hậu quả tiêu cực hay tổn thương sẽ tự khắc biến mất.' (chia sẻ, thấu cảm), người chơi sẽ mở khóa mạch truyện ẩn và có thêm đồng đội mạnh mẽ."
53,Tình Yêu và Sợ Hãi,Tình yêu của Ta dành cho con là vô điều kiện và không giới hạn. Con không cần phải làm gì để 'kiếm tìm' hay xứng đáng với nó.,"Trong vũ trụ nhị nguyên tương đối, chỉ có hai nguồn năng lượng gốc rễ vận hành mọi hành vi của con người: Tình yêu (năng lượng mở rộng, chữa lành) và Sợ hãi (năng lượng co rút, tự vệ). Khi Thượng đế nhắc nhở 'Tình yêu của Ta dành cho con là vô điều kiện và không giới hạn. Con không cần phải làm gì để 'kiếm tìm' hay xứng đáng với nó.', Ngài muốn con thấu suốt rằng mọi hành vi tiêu cực của người khác thực chất là tiếng kêu cứu của nỗi sợ, và chỉ có Tình yêu thương vô điều kiện mới có thể chuyển hóa được nó.","Khi những cơn hoảng sợ, lo âu giật mình gõ cửa lúc nửa đêm, hãy ôm lấy nỗi sợ đó thay vì trốn chạy. Hãy tự hỏi theo thông điệp 'Tình yêu của Ta dành cho con là vô điều kiện và không giới hạn. Con không cần phải làm gì để 'kiếm tìm' hay xứng đáng với nó.': 'Lúc này, Tình yêu tự thân sẽ làm gì?'. Hãy hít thở sâu, gửi tình thương đến cơ thể đang mệt mỏi của con. Khi tình yêu lên tiếng, bóng tối của sợ hãi sẽ tự khắc tan biến.","Hệ thống lựa chọn 'Love/Fear Gauge' (Thay thế Karma): Người chơi đối mặt với các NPC hung dữ. Nếu chọn phản ứng Sợ hãi (tấn công phòng thủ, tích trữ tài nguyên), chỉ số phòng thủ cá nhân tăng nhưng NPC sẽ thù ghét. Nếu chọn phản ứng Tình yêu theo tinh thần 'Tình yêu của Ta dành cho con là vô điều kiện và không giới hạn. Con không cần phải làm gì để 'kiếm tìm' hay xứng đáng với nó.' (chia sẻ, thấu cảm), người chơi sẽ mở khóa mạch truyện ẩn và có thêm đồng đội mạnh mẽ."
54,Tình Yêu và Sợ Hãi,Đừng cố gắng bám chặt lấy một người hay một vật vì sợ mất mát. Tình yêu đích thực luôn đi kèm với sự buông lỏng tự do.,"Trong vũ trụ nhị nguyên tương đối, chỉ có hai nguồn năng lượng gốc rễ vận hành mọi hành vi của con người: Tình yêu (năng lượng mở rộng, chữa lành) và Sợ hãi (năng lượng co rút, tự vệ). Khi Thượng đế nhắc nhở 'Đừng cố gắng bám chặt lấy một người hay một vật vì sợ mất mát. Tình yêu đích thực luôn đi kèm với sự buông lỏng tự do.', Ngài muốn con thấu suốt rằng mọi hành vi tiêu cực của người khác thực chất là tiếng kêu cứu của nỗi sợ, và chỉ có Tình yêu thương vô điều kiện mới có thể chuyển hóa được nó.","Khi những cơn hoảng sợ, lo âu giật mình gõ cửa lúc nửa đêm, hãy ôm lấy nỗi sợ đó thay vì trốn chạy. Hãy tự hỏi theo thông điệp 'Đừng cố gắng bám chặt lấy một người hay một vật vì sợ mất mát. Tình yêu đích thực luôn đi kèm với sự buông lỏng tự do.': 'Lúc này, Tình yêu tự thân sẽ làm gì?'. Hãy hít thở sâu, gửi tình thương đến cơ thể đang mệt mỏi của con. Khi tình yêu lên tiếng, bóng tối của sợ hãi sẽ tự khắc tan biến.","Hệ thống lựa chọn 'Love/Fear Gauge' (Thay thế Karma): Người chơi đối mặt với các NPC hung dữ. Nếu chọn phản ứng Sợ hãi (tấn công phòng thủ, tích trữ tài nguyên), chỉ số phòng thủ cá nhân tăng nhưng NPC sẽ thù ghét. Nếu chọn phản ứng Tình yêu theo tinh thần 'Đừng cố gắng bám chặt lấy một người hay một vật vì sợ mất mát. Tình yêu đích thực luôn đi kèm với sự buông lỏng tự do.' (chia sẻ, thấu cảm), người chơi sẽ mở khóa mạch truyện ẩn và có thêm đồng đội mạnh mẽ."
55,Tình Yêu và Sợ Hãi,"Những bậc thầy giác ngộ là những người luôn chọn lựa Tình yêu trong mọi khoảnh khắc, ngay cả khi đối mặt với cái chết.","Trong vũ trụ nhị nguyên tương đối, chỉ có hai nguồn năng lượng gốc rễ vận hành mọi hành vi của con người: Tình yêu (năng lượng mở rộng, chữa lành) và Sợ hãi (năng lượng co rút, tự vệ). Khi Thượng đế nhắc nhở 'Những bậc thầy giác ngộ là những người luôn chọn lựa Tình yêu trong mọi khoảnh khắc, ngay cả khi đối mặt với cái chết.', Ngài muốn con thấu suốt rằng mọi hành vi tiêu cực của người khác thực chất là tiếng kêu cứu của nỗi sợ, và chỉ có Tình yêu thương vô điều kiện mới có thể chuyển hóa được nó.","Khi những cơn hoảng sợ, lo âu giật mình gõ cửa lúc nửa đêm, hãy ôm lấy nỗi sợ đó thay vì trốn chạy. Hãy tự hỏi theo thông điệp 'Những bậc thầy giác ngộ là những người luôn chọn lựa Tình yêu trong mọi khoảnh khắc, ngay cả khi đối mặt với cái chết.': 'Lúc này, Tình yêu tự thân sẽ làm gì?'. Hãy hít thở sâu, gửi tình thương đến cơ thể đang mệt mỏi của con. Khi tình yêu lên tiếng, bóng tối của sợ hãi sẽ tự khắc tan biến.","Hệ thống lựa chọn 'Love/Fear Gauge' (Thay thế Karma): Người chơi đối mặt với các NPC hung dữ. Nếu chọn phản ứng Sợ hãi (tấn công phòng thủ, tích trữ tài nguyên), chỉ số phòng thủ cá nhân tăng nhưng NPC sẽ thù ghét. Nếu chọn phản ứng Tình yêu theo tinh thần 'Những bậc thầy giác ngộ là những người luôn chọn lựa Tình yêu trong mọi khoảnh khắc, ngay cả khi đối mặt với cái chết.' (chia sẻ, thấu cảm), người chơi sẽ mở khóa mạch truyện ẩn và có thêm đồng đội mạnh mẽ."
56,Tình Yêu và Sợ Hãi,"Sự khoan dung không phải là phán xét ai đó sai rồi tha thứ, mà là nhận ra bản chất thiêng liêng đằng sau mọi vai diễn.","Trong vũ trụ nhị nguyên tương đối, chỉ có hai nguồn năng lượng gốc rễ vận hành mọi hành vi của con người: Tình yêu (năng lượng mở rộng, chữa lành) và Sợ hãi (năng lượng co rút, tự vệ). Khi Thượng đế nhắc nhở 'Sự khoan dung không phải là phán xét ai đó sai rồi tha thứ, mà là nhận ra bản chất thiêng liêng đằng sau mọi vai diễn.', Ngài muốn con thấu suốt rằng mọi hành vi tiêu cực của người khác thực chất là tiếng kêu cứu của nỗi sợ, và chỉ có Tình yêu thương vô điều kiện mới có thể chuyển hóa được nó.","Khi những cơn hoảng sợ, lo âu giật mình gõ cửa lúc nửa đêm, hãy ôm lấy nỗi sợ đó thay vì trốn chạy. Hãy tự hỏi theo thông điệp 'Sự khoan dung không phải là phán xét ai đó sai rồi tha thứ, mà là nhận ra bản chất thiêng liêng đằng sau mọi vai diễn.': 'Lúc này, Tình yêu tự thân sẽ làm gì?'. Hãy hít thở sâu, gửi tình thương đến cơ thể đang mệt mỏi của con. Khi tình yêu lên tiếng, bóng tối của sợ hãi sẽ tự khắc tan biến.","Hệ thống lựa chọn 'Love/Fear Gauge' (Thay thế Karma): Người chơi đối mặt với các NPC hung dữ. Nếu chọn phản ứng Sợ hãi (tấn công phòng thủ, tích trữ tài nguyên), chỉ số phòng thủ cá nhân tăng nhưng NPC sẽ thù ghét. Nếu chọn phản ứng Tình yêu theo tinh thần 'Sự khoan dung không phải là phán xét ai đó sai rồi tha thứ, mà là nhận ra bản chất thiêng liêng đằng sau mọi vai diễn.' (chia sẻ, thấu cảm), người chơi sẽ mở khóa mạch truyện ẩn và có thêm đồng đội mạnh mẽ."
57,Tình Yêu và Sợ Hãi,"Khi con sợ hãi, con đang chối bỏ Ta và chối bỏ chính bản thể rực rỡ của mình.","Trong vũ trụ nhị nguyên tương đối, chỉ có hai nguồn năng lượng gốc rễ vận hành mọi hành vi của con người: Tình yêu (năng lượng mở rộng, chữa lành) và Sợ hãi (năng lượng co rút, tự vệ). Khi Thượng đế nhắc nhở 'Khi con sợ hãi, con đang chối bỏ Ta và chối bỏ chính bản thể rực rỡ của mình.', Ngài muốn con thấu suốt rằng mọi hành vi tiêu cực của người khác thực chất là tiếng kêu cứu của nỗi sợ, và chỉ có Tình yêu thương vô điều kiện mới có thể chuyển hóa được nó.","Khi những cơn hoảng sợ, lo âu giật mình gõ cửa lúc nửa đêm, hãy ôm lấy nỗi sợ đó thay vì trốn chạy. Hãy tự hỏi theo thông điệp 'Khi con sợ hãi, con đang chối bỏ Ta và chối bỏ chính bản thể rực rỡ của mình.': 'Lúc này, Tình yêu tự thân sẽ làm gì?'. Hãy hít thở sâu, gửi tình thương đến cơ thể đang mệt mỏi của con. Khi tình yêu lên tiếng, bóng tối của sợ hãi sẽ tự khắc tan biến.","Hệ thống lựa chọn 'Love/Fear Gauge' (Thay thế Karma): Người chơi đối mặt với các NPC hung dữ. Nếu chọn phản ứng Sợ hãi (tấn công phòng thủ, tích trữ tài nguyên), chỉ số phòng thủ cá nhân tăng nhưng NPC sẽ thù ghét. Nếu chọn phản ứng Tình yêu theo tinh thần 'Khi con sợ hãi, con đang chối bỏ Ta và chối bỏ chính bản thể rực rỡ của mình.' (chia sẻ, thấu cảm), người chơi sẽ mở khóa mạch truyện ẩn và có thêm đồng đội mạnh mẽ."
58,Tình Yêu và Sợ Hãi,Món quà quý giá nhất con có thể trao cho người khác là nhìn thấy họ bằng con mắt của tình yêu thương và sự tôn trọng tuyệt đối.,"Trong vũ trụ nhị nguyên tương đối, chỉ có hai nguồn năng lượng gốc rễ vận hành mọi hành vi của con người: Tình yêu (năng lượng mở rộng, chữa lành) và Sợ hãi (năng lượng co rút, tự vệ). Khi Thượng đế nhắc nhở 'Món quà quý giá nhất con có thể trao cho người khác là nhìn thấy họ bằng con mắt của tình yêu thương và sự tôn trọng tuyệt đối.', Ngài muốn con thấu suốt rằng mọi hành vi tiêu cực của người khác thực chất là tiếng kêu cứu của nỗi sợ, và chỉ có Tình yêu thương vô điều kiện mới có thể chuyển hóa được nó.","Khi những cơn hoảng sợ, lo âu giật mình gõ cửa lúc nửa đêm, hãy ôm lấy nỗi sợ đó thay vì trốn chạy. Hãy tự hỏi theo thông điệp 'Món quà quý giá nhất con có thể trao cho người khác là nhìn thấy họ bằng con mắt của tình yêu thương và sự tôn trọng tuyệt đối.': 'Lúc này, Tình yêu tự thân sẽ làm gì?'. Hãy hít thở sâu, gửi tình thương đến cơ thể đang mệt mỏi của con. Khi tình yêu lên tiếng, bóng tối của sợ hãi sẽ tự khắc tan biến.","Hệ thống lựa chọn 'Love/Fear Gauge' (Thay thế Karma): Người chơi đối mặt với các NPC hung dữ. Nếu chọn phản ứng Sợ hãi (tấn công phòng thủ, tích trữ tài nguyên), chỉ số phòng thủ cá nhân tăng nhưng NPC sẽ thù ghét. Nếu chọn phản ứng Tình yêu theo tinh thần 'Món quà quý giá nhất con có thể trao cho người khác là nhìn thấy họ bằng con mắt của tình yêu thương và sự tôn trọng tuyệt đối.' (chia sẻ, thấu cảm), người chơi sẽ mở khóa mạch truyện ẩn và có thêm đồng đội mạnh mẽ."
59,Tình Yêu và Sợ Hãi,"Bản chất thực sự của con chính là Tình yêu thương. Khi con yêu thương, con chỉ đang đơn giản là trở lại là chính mình.","Trong vũ trụ nhị nguyên tương đối, chỉ có hai nguồn năng lượng gốc rễ vận hành mọi hành vi của con người: Tình yêu (năng lượng mở rộng, chữa lành) và Sợ hãi (năng lượng co rút, tự vệ). Khi Thượng đế nhắc nhở 'Bản chất thực sự của con chính là Tình yêu thương. Khi con yêu thương, con chỉ đang đơn giản là trở lại là chính mình.', Ngài muốn con thấu suốt rằng mọi hành vi tiêu cực của người khác thực chất là tiếng kêu cứu của nỗi sợ, và chỉ có Tình yêu thương vô điều kiện mới có thể chuyển hóa được nó.","Khi những cơn hoảng sợ, lo âu giật mình gõ cửa lúc nửa đêm, hãy ôm lấy nỗi sợ đó thay vì trốn chạy. Hãy tự hỏi theo thông điệp 'Bản chất thực sự của con chính là Tình yêu thương. Khi con yêu thương, con chỉ đang đơn giản là trở lại là chính mình.': 'Lúc này, Tình yêu tự thân sẽ làm gì?'. Hãy hít thở sâu, gửi tình thương đến cơ thể đang mệt mỏi của con. Khi tình yêu lên tiếng, bóng tối của sợ hãi sẽ tự khắc tan biến.","Hệ thống lựa chọn 'Love/Fear Gauge' (Thay thế Karma): Người chơi đối mặt với các NPC hung dữ. Nếu chọn phản ứng Sợ hãi (tấn công phòng thủ, tích trữ tài nguyên), chỉ số phòng thủ cá nhân tăng nhưng NPC sẽ thù ghét. Nếu chọn phản ứng Tình yêu theo tinh thần 'Bản chất thực sự của con chính là Tình yêu thương. Khi con yêu thương, con chỉ đang đơn giản là trở lại là chính mình.' (chia sẻ, thấu cảm), người chơi sẽ mở khóa mạch truyện ẩn và có thêm đồng đội mạnh mẽ."
60,Tình Yêu và Sợ Hãi,Hãy để tình yêu của con bao trùm lấy cả những góc tối và những sai lầm của cuộc đời. Đó mới là sự chữa lành trọn vẹn.,"Trong vũ trụ nhị nguyên tương đối, chỉ có hai nguồn năng lượng gốc rễ vận hành mọi hành vi của con người: Tình yêu (năng lượng mở rộng, chữa lành) và Sợ hãi (năng lượng co rút, tự vệ). Khi Thượng đế nhắc nhở 'Hãy để tình yêu của con bao trùm lấy cả những góc tối và những sai lầm của cuộc đời. Đó mới là sự chữa lành trọn vẹn.', Ngài muốn con thấu suốt rằng mọi hành vi tiêu cực của người khác thực chất là tiếng kêu cứu của nỗi sợ, và chỉ có Tình yêu thương vô điều kiện mới có thể chuyển hóa được nó.","Khi những cơn hoảng sợ, lo âu giật mình gõ cửa lúc nửa đêm, hãy ôm lấy nỗi sợ đó thay vì trốn chạy. Hãy tự hỏi theo thông điệp 'Hãy để tình yêu của con bao trùm lấy cả những góc tối và những sai lầm của cuộc đời. Đó mới là sự chữa lành trọn vẹn.': 'Lúc này, Tình yêu tự thân sẽ làm gì?'. Hãy hít thở sâu, gửi tình thương đến cơ thể đang mệt mỏi của con. Khi tình yêu lên tiếng, bóng tối của sợ hãi sẽ tự khắc tan biến.","Hệ thống lựa chọn 'Love/Fear Gauge' (Thay thế Karma): Người chơi đối mặt với các NPC hung dữ. Nếu chọn phản ứng Sợ hãi (tấn công phòng thủ, tích trữ tài nguyên), chỉ số phòng thủ cá nhân tăng nhưng NPC sẽ thù ghét. Nếu chọn phản ứng Tình yêu theo tinh thần 'Hãy để tình yêu của con bao trùm lấy cả những góc tối và những sai lầm của cuộc đời. Đó mới là sự chữa lành trọn vẹn.' (chia sẻ, thấu cảm), người chơi sẽ mở khóa mạch truyện ẩn và có thêm đồng đội mạnh mẽ."
61,Sự Sống và Cái Chết,"Thân thể của con được thiết kế để sống mãi mãi. Con không bao giờ thực sự chết, con chỉ thay đổi hình dạng vật chất.","Cái chết chỉ là một ảo ảnh vật lý, một bước chuyển giao tần số năng lượng từ thể thô đặc sang thể tinh khiết. Linh hồn là bất tử, chưa từng bắt đầu và không bao giờ kết thúc. Thông điệp 'Thân thể của con được thiết kế để sống mãi mãi. Con không bao giờ thực sự chết, con chỉ thay đổi hình dạng vật chất.' giải phóng con khỏi nỗi sợ lớn nhất của loài người, khẳng định rằng mọi sự ra đi đều là lựa chọn tự nguyện của linh hồn ở cấp độ siêu hình để tiếp tục tiến hóa ở cõi giới cao hơn.","Khi con sợ hãi thất bại hay lo âu về sức khỏe, hãy nhớ rằng con là một linh hồn vĩ đại đang dạo chơi dưới hình hài con người. Lớp vỏ bọc này có thể mệt mỏi, nhưng linh hồn con luôn tràn đầy sinh lực. Ghi nhớ 'Thân thể của con được thiết kế để sống mãi mãi. Con không bao giờ thực sự chết, con chỉ thay đổi hình dạng vật chất.' để chơi trò chơi cuộc đời một cách nhẹ nhàng, thản nhiên, không bị đè nặng bởi ảo ảnh mất mát.","Cơ chế 'Chất Vấn Linh Thiêng' (Divine Inquiry / No Game Over): Khi nhân vật cạn HP, trò chơi không kết thúc. Linh hồn người chơi bước vào không gian siêu thực để đối thoại với Thượng đế theo câu nói 'Thân thể của con được thiết kế để sống mãi mãi. Con không bao giờ thực sự chết, con chỉ thay đổi hình dạng vật chất.'. Người chơi có quyền tự quyết định: Quay lại cơ thể vật lý với một nội tại mới (Hồi sinh) hoặc chuyển sinh sang một dòng thời gian khác."
62,Thời Gian,"Thời gian tuyến tính chỉ là ảo ảnh của trí óc. Quá khứ, hiện tại và tương lai đều đang tồn tại đồng thời ngay Bây Giờ.","Thời gian tuyến tính chỉ là một công cụ đo lường chuyển động của trí óc trong thế giới tương đối. Trong thực tại tối hậu của Thượng đế, tất cả mọi sự đều diễn ra trong một khoảnh khắc vĩnh cửu duy nhất (The Eternal Now). Khi con hiểu rằng 'Thời gian tuyến tính chỉ là ảo ảnh của trí óc. Quá khứ, hiện tại và tương lai đều đang tồn tại đồng thời ngay Bây Giờ.', con nắm giữ quyền năng thay đổi tương lai và chữa lành quá khứ bằng cách thay đổi tần số năng lượng ngay trong giây phút hiện tại.","Đừng đếm giờ lo lắng khi thức giấc lúc nửa đêm ('mình chỉ còn 3 tiếng để ngủ'). Áp lực thời gian đó chỉ là ảo ảnh. Hãy áp dụng 'Thời gian tuyến tính chỉ là ảo ảnh của trí óc. Quá khứ, hiện tại và tương lai đều đang tồn tại đồng thời ngay Bây Giờ.': neo mình vào khoảnh khắc 'Bây giờ' tĩnh lặng. Thả lỏng cơ thể, cảm nhận sự an yên ngay lúc này mà không lo nghĩ về ngày mai. Giấc ngủ sẽ tự khắc đến khi con giải phóng ảo ảnh thời gian.","Cơ chế 'Ma Trận Hiện Tại' (The Now Matrix): Thiết lập một phím bấm đặc biệt cho phép người chơi làm ngưng đọng thời gian. Trong trạng thái này, người chơi có thể nhìn thấy tất cả các nhánh kịch bản tương lai (CD-ROM branches) và bẻ lái đầu đọc laser của ý thức để nhảy sang dòng dữ liệu mong muốn, hiện thực hóa thông điệp 'Thời gian tuyến tính chỉ là ảo ảnh của trí óc. Quá khứ, hiện tại và tương lai đều đang tồn tại đồng thời ngay Bây Giờ.'."
63,Sự Sống và Cái Chết,"Cái chết không phải là một kết thúc đáng sợ, mà là một sự mở ra huy hoàng của nhận thức và sự trở về Nhà.","Cái chết chỉ là một ảo ảnh vật lý, một bước chuyển giao tần số năng lượng từ thể thô đặc sang thể tinh khiết. Linh hồn là bất tử, chưa từng bắt đầu và không bao giờ kết thúc. Thông điệp 'Cái chết không phải là một kết thúc đáng sợ, mà là một sự mở ra huy hoàng của nhận thức và sự trở về Nhà.' giải phóng con khỏi nỗi sợ lớn nhất của loài người, khẳng định rằng mọi sự ra đi đều là lựa chọn tự nguyện của linh hồn ở cấp độ siêu hình để tiếp tục tiến hóa ở cõi giới cao hơn.","Khi con sợ hãi thất bại hay lo âu về sức khỏe, hãy nhớ rằng con là một linh hồn vĩ đại đang dạo chơi dưới hình hài con người. Lớp vỏ bọc này có thể mệt mỏi, nhưng linh hồn con luôn tràn đầy sinh lực. Ghi nhớ 'Cái chết không phải là một kết thúc đáng sợ, mà là một sự mở ra huy hoàng của nhận thức và sự trở về Nhà.' để chơi trò chơi cuộc đời một cách nhẹ nhàng, thản nhiên, không bị đè nặng bởi ảo ảnh mất mát.","Cơ chế 'Chất Vấn Linh Thiêng' (Divine Inquiry / No Game Over): Khi nhân vật cạn HP, trò chơi không kết thúc. Linh hồn người chơi bước vào không gian siêu thực để đối thoại với Thượng đế theo câu nói 'Cái chết không phải là một kết thúc đáng sợ, mà là một sự mở ra huy hoàng của nhận thức và sự trở về Nhà.'. Người chơi có quyền tự quyết định: Quay lại cơ thể vật lý với một nội tại mới (Hồi sinh) hoặc chuyển sinh sang một dòng thời gian khác."
64,Thời Gian,Sức mạnh tối thượng nằm ở khoảnh khắc Bây Giờ. Đó là điểm duy nhất con có thể định hình lại toàn bộ số mệnh của mình.,"Thời gian tuyến tính chỉ là một công cụ đo lường chuyển động của trí óc trong thế giới tương đối. Trong thực tại tối hậu của Thượng đế, tất cả mọi sự đều diễn ra trong một khoảnh khắc vĩnh cửu duy nhất (The Eternal Now). Khi con hiểu rằng 'Sức mạnh tối thượng nằm ở khoảnh khắc Bây Giờ. Đó là điểm duy nhất con có thể định hình lại toàn bộ số mệnh của mình.', con nắm giữ quyền năng thay đổi tương lai và chữa lành quá khứ bằng cách thay đổi tần số năng lượng ngay trong giây phút hiện tại.","Đừng đếm giờ lo lắng khi thức giấc lúc nửa đêm ('mình chỉ còn 3 tiếng để ngủ'). Áp lực thời gian đó chỉ là ảo ảnh. Hãy áp dụng 'Sức mạnh tối thượng nằm ở khoảnh khắc Bây Giờ. Đó là điểm duy nhất con có thể định hình lại toàn bộ số mệnh của mình.': neo mình vào khoảnh khắc 'Bây giờ' tĩnh lặng. Thả lỏng cơ thể, cảm nhận sự an yên ngay lúc này mà không lo nghĩ về ngày mai. Giấc ngủ sẽ tự khắc đến khi con giải phóng ảo ảnh thời gian.","Cơ chế 'Ma Trận Hiện Tại' (The Now Matrix): Thiết lập một phím bấm đặc biệt cho phép người chơi làm ngưng đọng thời gian. Trong trạng thái này, người chơi có thể nhìn thấy tất cả các nhánh kịch bản tương lai (CD-ROM branches) và bẻ lái đầu đọc laser của ý thức để nhảy sang dòng dữ liệu mong muốn, hiện thực hóa thông điệp 'Sức mạnh tối thượng nằm ở khoảnh khắc Bây Giờ. Đó là điểm duy nhất con có thể định hình lại toàn bộ số mệnh của mình.'."
65,Sự Sống và Cái Chết,Không một linh hồn nào rời bỏ thân xác vật lý (chết) vào một thời điểm hoặc theo một cách thức mà họ không tự lựa chọn.,"Cái chết chỉ là một ảo ảnh vật lý, một bước chuyển giao tần số năng lượng từ thể thô đặc sang thể tinh khiết. Linh hồn là bất tử, chưa từng bắt đầu và không bao giờ kết thúc. Thông điệp 'Không một linh hồn nào rời bỏ thân xác vật lý (chết) vào một thời điểm hoặc theo một cách thức mà họ không tự lựa chọn.' giải phóng con khỏi nỗi sợ lớn nhất của loài người, khẳng định rằng mọi sự ra đi đều là lựa chọn tự nguyện của linh hồn ở cấp độ siêu hình để tiếp tục tiến hóa ở cõi giới cao hơn.","Khi con sợ hãi thất bại hay lo âu về sức khỏe, hãy nhớ rằng con là một linh hồn vĩ đại đang dạo chơi dưới hình hài con người. Lớp vỏ bọc này có thể mệt mỏi, nhưng linh hồn con luôn tràn đầy sinh lực. Ghi nhớ 'Không một linh hồn nào rời bỏ thân xác vật lý (chết) vào một thời điểm hoặc theo một cách thức mà họ không tự lựa chọn.' để chơi trò chơi cuộc đời một cách nhẹ nhàng, thản nhiên, không bị đè nặng bởi ảo ảnh mất mát.","Cơ chế 'Chất Vấn Linh Thiêng' (Divine Inquiry / No Game Over): Khi nhân vật cạn HP, trò chơi không kết thúc. Linh hồn người chơi bước vào không gian siêu thực để đối thoại với Thượng đế theo câu nói 'Không một linh hồn nào rời bỏ thân xác vật lý (chết) vào một thời điểm hoặc theo một cách thức mà họ không tự lựa chọn.'. Người chơi có quyền tự quyết định: Quay lại cơ thể vật lý với một nội tại mới (Hồi sinh) hoặc chuyển sinh sang một dòng thời gian khác."
66,Thời Gian,"Thời gian không phải là một sợi dây kéo dài. Nó là một bánh xe tĩnh lặng, nơi con chọn phân vùng dữ liệu để trải nghiệm.","Thời gian tuyến tính chỉ là một công cụ đo lường chuyển động của trí óc trong thế giới tương đối. Trong thực tại tối hậu của Thượng đế, tất cả mọi sự đều diễn ra trong một khoảnh khắc vĩnh cửu duy nhất (The Eternal Now). Khi con hiểu rằng 'Thời gian không phải là một sợi dây kéo dài. Nó là một bánh xe tĩnh lặng, nơi con chọn phân vùng dữ liệu để trải nghiệm.', con nắm giữ quyền năng thay đổi tương lai và chữa lành quá khứ bằng cách thay đổi tần số năng lượng ngay trong giây phút hiện tại.","Đừng đếm giờ lo lắng khi thức giấc lúc nửa đêm ('mình chỉ còn 3 tiếng để ngủ'). Áp lực thời gian đó chỉ là ảo ảnh. Hãy áp dụng 'Thời gian không phải là một sợi dây kéo dài. Nó là một bánh xe tĩnh lặng, nơi con chọn phân vùng dữ liệu để trải nghiệm.': neo mình vào khoảnh khắc 'Bây giờ' tĩnh lặng. Thả lỏng cơ thể, cảm nhận sự an yên ngay lúc này mà không lo nghĩ về ngày mai. Giấc ngủ sẽ tự khắc đến khi con giải phóng ảo ảnh thời gian.","Cơ chế 'Ma Trận Hiện Tại' (The Now Matrix): Thiết lập một phím bấm đặc biệt cho phép người chơi làm ngưng đọng thời gian. Trong trạng thái này, người chơi có thể nhìn thấy tất cả các nhánh kịch bản tương lai (CD-ROM branches) và bẻ lái đầu đọc laser của ý thức để nhảy sang dòng dữ liệu mong muốn, hiện thực hóa thông điệp 'Thời gian không phải là một sợi dây kéo dài. Nó là một bánh xe tĩnh lặng, nơi con chọn phân vùng dữ liệu để trải nghiệm.'."
67,Sự Sống và Cái Chết,"Khi ranh giới sinh tử khép lại, linh hồn con sẽ đối diện với câu hỏi linh thiêng từ Ta: 'Con có muốn ở lại trải nghiệm tiếp không?'","Cái chết chỉ là một ảo ảnh vật lý, một bước chuyển giao tần số năng lượng từ thể thô đặc sang thể tinh khiết. Linh hồn là bất tử, chưa từng bắt đầu và không bao giờ kết thúc. Thông điệp 'Khi ranh giới sinh tử khép lại, linh hồn con sẽ đối diện với câu hỏi linh thiêng từ Ta: 'Con có muốn ở lại trải nghiệm tiếp không?'' giải phóng con khỏi nỗi sợ lớn nhất của loài người, khẳng định rằng mọi sự ra đi đều là lựa chọn tự nguyện của linh hồn ở cấp độ siêu hình để tiếp tục tiến hóa ở cõi giới cao hơn.","Khi con sợ hãi thất bại hay lo âu về sức khỏe, hãy nhớ rằng con là một linh hồn vĩ đại đang dạo chơi dưới hình hài con người. Lớp vỏ bọc này có thể mệt mỏi, nhưng linh hồn con luôn tràn đầy sinh lực. Ghi nhớ 'Khi ranh giới sinh tử khép lại, linh hồn con sẽ đối diện với câu hỏi linh thiêng từ Ta: 'Con có muốn ở lại trải nghiệm tiếp không?'' để chơi trò chơi cuộc đời một cách nhẹ nhàng, thản nhiên, không bị đè nặng bởi ảo ảnh mất mát.","Cơ chế 'Chất Vấn Linh Thiêng' (Divine Inquiry / No Game Over): Khi nhân vật cạn HP, trò chơi không kết thúc. Linh hồn người chơi bước vào không gian siêu thực để đối thoại với Thượng đế theo câu nói 'Khi ranh giới sinh tử khép lại, linh hồn con sẽ đối diện với câu hỏi linh thiêng từ Ta: 'Con có muốn ở lại trải nghiệm tiếp không?''. Người chơi có quyền tự quyết định: Quay lại cơ thể vật lý với một nội tại mới (Hồi sinh) hoặc chuyển sinh sang một dòng thời gian khác."
68,Sự Sống và Cái Chết,Thế giới tương đối là một món quà vĩ đại Ta tự hiến cho mình để có thể kinh nghiệm sự huy hoàng của cõi Tuyệt đối.,"Cái chết chỉ là một ảo ảnh vật lý, một bước chuyển giao tần số năng lượng từ thể thô đặc sang thể tinh khiết. Linh hồn là bất tử, chưa từng bắt đầu và không bao giờ kết thúc. Thông điệp 'Thế giới tương đối là một món quà vĩ đại Ta tự hiến cho mình để có thể kinh nghiệm sự huy hoàng của cõi Tuyệt đối.' giải phóng con khỏi nỗi sợ lớn nhất của loài người, khẳng định rằng mọi sự ra đi đều là lựa chọn tự nguyện của linh hồn ở cấp độ siêu hình để tiếp tục tiến hóa ở cõi giới cao hơn.","Khi con sợ hãi thất bại hay lo âu về sức khỏe, hãy nhớ rằng con là một linh hồn vĩ đại đang dạo chơi dưới hình hài con người. Lớp vỏ bọc này có thể mệt mỏi, nhưng linh hồn con luôn tràn đầy sinh lực. Ghi nhớ 'Thế giới tương đối là một món quà vĩ đại Ta tự hiến cho mình để có thể kinh nghiệm sự huy hoàng của cõi Tuyệt đối.' để chơi trò chơi cuộc đời một cách nhẹ nhàng, thản nhiên, không bị đè nặng bởi ảo ảnh mất mát.","Cơ chế 'Chất Vấn Linh Thiêng' (Divine Inquiry / No Game Over): Khi nhân vật cạn HP, trò chơi không kết thúc. Linh hồn người chơi bước vào không gian siêu thực để đối thoại với Thượng đế theo câu nói 'Thế giới tương đối là một món quà vĩ đại Ta tự hiến cho mình để có thể kinh nghiệm sự huy hoàng của cõi Tuyệt đối.'. Người chơi có quyền tự quyết định: Quay lại cơ thể vật lý với một nội tại mới (Hồi sinh) hoặc chuyển sinh sang một dòng thời gian khác."
69,Thời Gian,Nỗi nhớ tiếc quá khứ và lo lắng về tương lai chỉ làm hao mòn năng lượng hiện tại của con. Hãy neo mình vào cái Bây Giờ.,"Thời gian tuyến tính chỉ là một công cụ đo lường chuyển động của trí óc trong thế giới tương đối. Trong thực tại tối hậu của Thượng đế, tất cả mọi sự đều diễn ra trong một khoảnh khắc vĩnh cửu duy nhất (The Eternal Now). Khi con hiểu rằng 'Nỗi nhớ tiếc quá khứ và lo lắng về tương lai chỉ làm hao mòn năng lượng hiện tại của con. Hãy neo mình vào cái Bây Giờ.', con nắm giữ quyền năng thay đổi tương lai và chữa lành quá khứ bằng cách thay đổi tần số năng lượng ngay trong giây phút hiện tại.","Đừng đếm giờ lo lắng khi thức giấc lúc nửa đêm ('mình chỉ còn 3 tiếng để ngủ'). Áp lực thời gian đó chỉ là ảo ảnh. Hãy áp dụng 'Nỗi nhớ tiếc quá khứ và lo lắng về tương lai chỉ làm hao mòn năng lượng hiện tại của con. Hãy neo mình vào cái Bây Giờ.': neo mình vào khoảnh khắc 'Bây giờ' tĩnh lặng. Thả lỏng cơ thể, cảm nhận sự an yên ngay lúc này mà không lo nghĩ về ngày mai. Giấc ngủ sẽ tự khắc đến khi con giải phóng ảo ảnh thời gian.","Cơ chế 'Ma Trận Hiện Tại' (The Now Matrix): Thiết lập một phím bấm đặc biệt cho phép người chơi làm ngưng đọng thời gian. Trong trạng thái này, người chơi có thể nhìn thấy tất cả các nhánh kịch bản tương lai (CD-ROM branches) và bẻ lái đầu đọc laser của ý thức để nhảy sang dòng dữ liệu mong muốn, hiện thực hóa thông điệp 'Nỗi nhớ tiếc quá khứ và lo lắng về tương lai chỉ làm hao mòn năng lượng hiện tại của con. Hãy neo mình vào cái Bây Giờ.'."
70,Sự Sống và Cái Chết,"Khi con chết đi, con sẽ đoàn tụ với những người thân yêu của mình nếu đó thực sự là mong muốn mạnh mẽ của linh hồn con.","Cái chết chỉ là một ảo ảnh vật lý, một bước chuyển giao tần số năng lượng từ thể thô đặc sang thể tinh khiết. Linh hồn là bất tử, chưa từng bắt đầu và không bao giờ kết thúc. Thông điệp 'Khi con chết đi, con sẽ đoàn tụ với những người thân yêu của mình nếu đó thực sự là mong muốn mạnh mẽ của linh hồn con.' giải phóng con khỏi nỗi sợ lớn nhất của loài người, khẳng định rằng mọi sự ra đi đều là lựa chọn tự nguyện của linh hồn ở cấp độ siêu hình để tiếp tục tiến hóa ở cõi giới cao hơn.","Khi con sợ hãi thất bại hay lo âu về sức khỏe, hãy nhớ rằng con là một linh hồn vĩ đại đang dạo chơi dưới hình hài con người. Lớp vỏ bọc này có thể mệt mỏi, nhưng linh hồn con luôn tràn đầy sinh lực. Ghi nhớ 'Khi con chết đi, con sẽ đoàn tụ với những người thân yêu của mình nếu đó thực sự là mong muốn mạnh mẽ của linh hồn con.' để chơi trò chơi cuộc đời một cách nhẹ nhàng, thản nhiên, không bị đè nặng bởi ảo ảnh mất mát.","Cơ chế 'Chất Vấn Linh Thiêng' (Divine Inquiry / No Game Over): Khi nhân vật cạn HP, trò chơi không kết thúc. Linh hồn người chơi bước vào không gian siêu thực để đối thoại với Thượng đế theo câu nói 'Khi con chết đi, con sẽ đoàn tụ với những người thân yêu của mình nếu đó thực sự là mong muốn mạnh mẽ của linh hồn con.'. Người chơi có quyền tự quyết định: Quay lại cơ thể vật lý với một nội tại mới (Hồi sinh) hoặc chuyển sinh sang một dòng thời gian khác."
71,Sự Sống và Cái Chết,Cái chết chỉ là một sự đổi kênh tần số năng lượng từ thô đặc (vật lý) sang tinh thuần và siêu hình.,"Cái chết chỉ là một ảo ảnh vật lý, một bước chuyển giao tần số năng lượng từ thể thô đặc sang thể tinh khiết. Linh hồn là bất tử, chưa từng bắt đầu và không bao giờ kết thúc. Thông điệp 'Cái chết chỉ là một sự đổi kênh tần số năng lượng từ thô đặc (vật lý) sang tinh thuần và siêu hình.' giải phóng con khỏi nỗi sợ lớn nhất của loài người, khẳng định rằng mọi sự ra đi đều là lựa chọn tự nguyện của linh hồn ở cấp độ siêu hình để tiếp tục tiến hóa ở cõi giới cao hơn.","Khi con sợ hãi thất bại hay lo âu về sức khỏe, hãy nhớ rằng con là một linh hồn vĩ đại đang dạo chơi dưới hình hài con người. Lớp vỏ bọc này có thể mệt mỏi, nhưng linh hồn con luôn tràn đầy sinh lực. Ghi nhớ 'Cái chết chỉ là một sự đổi kênh tần số năng lượng từ thô đặc (vật lý) sang tinh thuần và siêu hình.' để chơi trò chơi cuộc đời một cách nhẹ nhàng, thản nhiên, không bị đè nặng bởi ảo ảnh mất mát.","Cơ chế 'Chất Vấn Linh Thiêng' (Divine Inquiry / No Game Over): Khi nhân vật cạn HP, trò chơi không kết thúc. Linh hồn người chơi bước vào không gian siêu thực để đối thoại với Thượng đế theo câu nói 'Cái chết chỉ là một sự đổi kênh tần số năng lượng từ thô đặc (vật lý) sang tinh thuần và siêu hình.'. Người chơi có quyền tự quyết định: Quay lại cơ thể vật lý với một nội tại mới (Hồi sinh) hoặc chuyển sinh sang một dòng thời gian khác."
72,Sự Sống và Cái Chết,Cuộc sống trần thế là cơ hội để linh hồn con chuyển hóa những khái niệm vĩ đại nhất thành kinh nghiệm thực tế.,"Cái chết chỉ là một ảo ảnh vật lý, một bước chuyển giao tần số năng lượng từ thể thô đặc sang thể tinh khiết. Linh hồn là bất tử, chưa từng bắt đầu và không bao giờ kết thúc. Thông điệp 'Cuộc sống trần thế là cơ hội để linh hồn con chuyển hóa những khái niệm vĩ đại nhất thành kinh nghiệm thực tế.' giải phóng con khỏi nỗi sợ lớn nhất của loài người, khẳng định rằng mọi sự ra đi đều là lựa chọn tự nguyện của linh hồn ở cấp độ siêu hình để tiếp tục tiến hóa ở cõi giới cao hơn.","Khi con sợ hãi thất bại hay lo âu về sức khỏe, hãy nhớ rằng con là một linh hồn vĩ đại đang dạo chơi dưới hình hài con người. Lớp vỏ bọc này có thể mệt mỏi, nhưng linh hồn con luôn tràn đầy sinh lực. Ghi nhớ 'Cuộc sống trần thế là cơ hội để linh hồn con chuyển hóa những khái niệm vĩ đại nhất thành kinh nghiệm thực tế.' để chơi trò chơi cuộc đời một cách nhẹ nhàng, thản nhiên, không bị đè nặng bởi ảo ảnh mất mát.","Cơ chế 'Chất Vấn Linh Thiêng' (Divine Inquiry / No Game Over): Khi nhân vật cạn HP, trò chơi không kết thúc. Linh hồn người chơi bước vào không gian siêu thực để đối thoại với Thượng đế theo câu nói 'Cuộc sống trần thế là cơ hội để linh hồn con chuyển hóa những khái niệm vĩ đại nhất thành kinh nghiệm thực tế.'. Người chơi có quyền tự quyết định: Quay lại cơ thể vật lý với một nội tại mới (Hồi sinh) hoặc chuyển sinh sang một dòng thời gian khác."
73,Thời Gian,Ảo ảnh về thời gian giúp linh hồn con khám phá và thưởng thức từng phần của sự vĩnh cửu một cách trọn vẹn nhất.,"Thời gian tuyến tính chỉ là một công cụ đo lường chuyển động của trí óc trong thế giới tương đối. Trong thực tại tối hậu của Thượng đế, tất cả mọi sự đều diễn ra trong một khoảnh khắc vĩnh cửu duy nhất (The Eternal Now). Khi con hiểu rằng 'Ảo ảnh về thời gian giúp linh hồn con khám phá và thưởng thức từng phần của sự vĩnh cửu một cách trọn vẹn nhất.', con nắm giữ quyền năng thay đổi tương lai và chữa lành quá khứ bằng cách thay đổi tần số năng lượng ngay trong giây phút hiện tại.","Đừng đếm giờ lo lắng khi thức giấc lúc nửa đêm ('mình chỉ còn 3 tiếng để ngủ'). Áp lực thời gian đó chỉ là ảo ảnh. Hãy áp dụng 'Ảo ảnh về thời gian giúp linh hồn con khám phá và thưởng thức từng phần của sự vĩnh cửu một cách trọn vẹn nhất.': neo mình vào khoảnh khắc 'Bây giờ' tĩnh lặng. Thả lỏng cơ thể, cảm nhận sự an yên ngay lúc này mà không lo nghĩ về ngày mai. Giấc ngủ sẽ tự khắc đến khi con giải phóng ảo ảnh thời gian.","Cơ chế 'Ma Trận Hiện Tại' (The Now Matrix): Thiết lập một phím bấm đặc biệt cho phép người chơi làm ngưng đọng thời gian. Trong trạng thái này, người chơi có thể nhìn thấy tất cả các nhánh kịch bản tương lai (CD-ROM branches) và bẻ lái đầu đọc laser của ý thức để nhảy sang dòng dữ liệu mong muốn, hiện thực hóa thông điệp 'Ảo ảnh về thời gian giúp linh hồn con khám phá và thưởng thức từng phần của sự vĩnh cửu một cách trọn vẹn nhất.'."
74,Sự Sống và Cái Chết,Không có địa ngục hay sự trừng phạt đau khổ vô tận nào sau khi chết. Đó chỉ là những suy diễn sai lầm dựa trên sợ hãi.,"Cái chết chỉ là một ảo ảnh vật lý, một bước chuyển giao tần số năng lượng từ thể thô đặc sang thể tinh khiết. Linh hồn là bất tử, chưa từng bắt đầu và không bao giờ kết thúc. Thông điệp 'Không có địa ngục hay sự trừng phạt đau khổ vô tận nào sau khi chết. Đó chỉ là những suy diễn sai lầm dựa trên sợ hãi.' giải phóng con khỏi nỗi sợ lớn nhất của loài người, khẳng định rằng mọi sự ra đi đều là lựa chọn tự nguyện của linh hồn ở cấp độ siêu hình để tiếp tục tiến hóa ở cõi giới cao hơn.","Khi con sợ hãi thất bại hay lo âu về sức khỏe, hãy nhớ rằng con là một linh hồn vĩ đại đang dạo chơi dưới hình hài con người. Lớp vỏ bọc này có thể mệt mỏi, nhưng linh hồn con luôn tràn đầy sinh lực. Ghi nhớ 'Không có địa ngục hay sự trừng phạt đau khổ vô tận nào sau khi chết. Đó chỉ là những suy diễn sai lầm dựa trên sợ hãi.' để chơi trò chơi cuộc đời một cách nhẹ nhàng, thản nhiên, không bị đè nặng bởi ảo ảnh mất mát.","Cơ chế 'Chất Vấn Linh Thiêng' (Divine Inquiry / No Game Over): Khi nhân vật cạn HP, trò chơi không kết thúc. Linh hồn người chơi bước vào không gian siêu thực để đối thoại với Thượng đế theo câu nói 'Không có địa ngục hay sự trừng phạt đau khổ vô tận nào sau khi chết. Đó chỉ là những suy diễn sai lầm dựa trên sợ hãi.'. Người chơi có quyền tự quyết định: Quay lại cơ thể vật lý với một nội tại mới (Hồi sinh) hoặc chuyển sinh sang một dòng thời gian khác."
75,Sự Sống và Cái Chết,"Hành trình trở về Nhà (Home with God) là một chu kỳ hoàn hảo, nơi linh hồn nhận biết sự hiệp nhất tuyệt đối với Ta.","Cái chết chỉ là một ảo ảnh vật lý, một bước chuyển giao tần số năng lượng từ thể thô đặc sang thể tinh khiết. Linh hồn là bất tử, chưa từng bắt đầu và không bao giờ kết thúc. Thông điệp 'Hành trình trở về Nhà (Home with God) là một chu kỳ hoàn hảo, nơi linh hồn nhận biết sự hiệp nhất tuyệt đối với Ta.' giải phóng con khỏi nỗi sợ lớn nhất của loài người, khẳng định rằng mọi sự ra đi đều là lựa chọn tự nguyện của linh hồn ở cấp độ siêu hình để tiếp tục tiến hóa ở cõi giới cao hơn.","Khi con sợ hãi thất bại hay lo âu về sức khỏe, hãy nhớ rằng con là một linh hồn vĩ đại đang dạo chơi dưới hình hài con người. Lớp vỏ bọc này có thể mệt mỏi, nhưng linh hồn con luôn tràn đầy sinh lực. Ghi nhớ 'Hành trình trở về Nhà (Home with God) là một chu kỳ hoàn hảo, nơi linh hồn nhận biết sự hiệp nhất tuyệt đối với Ta.' để chơi trò chơi cuộc đời một cách nhẹ nhàng, thản nhiên, không bị đè nặng bởi ảo ảnh mất mát.","Cơ chế 'Chất Vấn Linh Thiêng' (Divine Inquiry / No Game Over): Khi nhân vật cạn HP, trò chơi không kết thúc. Linh hồn người chơi bước vào không gian siêu thực để đối thoại với Thượng đế theo câu nói 'Hành trình trở về Nhà (Home with God) là một chu kỳ hoàn hảo, nơi linh hồn nhận biết sự hiệp nhất tuyệt đối với Ta.'. Người chơi có quyền tự quyết định: Quay lại cơ thể vật lý với một nội tại mới (Hồi sinh) hoặc chuyển sinh sang một dòng thời gian khác."
76,Thời Gian,Thời gian và Không gian thực chất chỉ là một thực thể năng lượng duy nhất được hiển thị theo các góc độ quan sát khác nhau.,"Thời gian tuyến tính chỉ là một công cụ đo lường chuyển động của trí óc trong thế giới tương đối. Trong thực tại tối hậu của Thượng đế, tất cả mọi sự đều diễn ra trong một khoảnh khắc vĩnh cửu duy nhất (The Eternal Now). Khi con hiểu rằng 'Thời gian và Không gian thực chất chỉ là một thực thể năng lượng duy nhất được hiển thị theo các góc độ quan sát khác nhau.', con nắm giữ quyền năng thay đổi tương lai và chữa lành quá khứ bằng cách thay đổi tần số năng lượng ngay trong giây phút hiện tại.","Đừng đếm giờ lo lắng khi thức giấc lúc nửa đêm ('mình chỉ còn 3 tiếng để ngủ'). Áp lực thời gian đó chỉ là ảo ảnh. Hãy áp dụng 'Thời gian và Không gian thực chất chỉ là một thực thể năng lượng duy nhất được hiển thị theo các góc độ quan sát khác nhau.': neo mình vào khoảnh khắc 'Bây giờ' tĩnh lặng. Thả lỏng cơ thể, cảm nhận sự an yên ngay lúc này mà không lo nghĩ về ngày mai. Giấc ngủ sẽ tự khắc đến khi con giải phóng ảo ảnh thời gian.","Cơ chế 'Ma Trận Hiện Tại' (The Now Matrix): Thiết lập một phím bấm đặc biệt cho phép người chơi làm ngưng đọng thời gian. Trong trạng thái này, người chơi có thể nhìn thấy tất cả các nhánh kịch bản tương lai (CD-ROM branches) và bẻ lái đầu đọc laser của ý thức để nhảy sang dòng dữ liệu mong muốn, hiện thực hóa thông điệp 'Thời gian và Không gian thực chất chỉ là một thực thể năng lượng duy nhất được hiển thị theo các góc độ quan sát khác nhau.'."
77,Sự Sống và Cái Chết,Mục đích duy nhất của sự sống là kinh nghiệm cái vinh quang nhất cho con và cho tất cả mọi loài sinh mệnh.,"Cái chết chỉ là một ảo ảnh vật lý, một bước chuyển giao tần số năng lượng từ thể thô đặc sang thể tinh khiết. Linh hồn là bất tử, chưa từng bắt đầu và không bao giờ kết thúc. Thông điệp 'Mục đích duy nhất của sự sống là kinh nghiệm cái vinh quang nhất cho con và cho tất cả mọi loài sinh mệnh.' giải phóng con khỏi nỗi sợ lớn nhất của loài người, khẳng định rằng mọi sự ra đi đều là lựa chọn tự nguyện của linh hồn ở cấp độ siêu hình để tiếp tục tiến hóa ở cõi giới cao hơn.","Khi con sợ hãi thất bại hay lo âu về sức khỏe, hãy nhớ rằng con là một linh hồn vĩ đại đang dạo chơi dưới hình hài con người. Lớp vỏ bọc này có thể mệt mỏi, nhưng linh hồn con luôn tràn đầy sinh lực. Ghi nhớ 'Mục đích duy nhất của sự sống là kinh nghiệm cái vinh quang nhất cho con và cho tất cả mọi loài sinh mệnh.' để chơi trò chơi cuộc đời một cách nhẹ nhàng, thản nhiên, không bị đè nặng bởi ảo ảnh mất mát.","Cơ chế 'Chất Vấn Linh Thiêng' (Divine Inquiry / No Game Over): Khi nhân vật cạn HP, trò chơi không kết thúc. Linh hồn người chơi bước vào không gian siêu thực để đối thoại với Thượng đế theo câu nói 'Mục đích duy nhất của sự sống là kinh nghiệm cái vinh quang nhất cho con và cho tất cả mọi loài sinh mệnh.'. Người chơi có quyền tự quyết định: Quay lại cơ thể vật lý với một nội tại mới (Hồi sinh) hoặc chuyển sinh sang một dòng thời gian khác."
78,Sự Sống và Cái Chết,"Linh hồn con là một dòng chảy sáng tạo bất tận, chưa từng bắt đầu và sẽ không bao giờ có điểm kết thúc.","Cái chết chỉ là một ảo ảnh vật lý, một bước chuyển giao tần số năng lượng từ thể thô đặc sang thể tinh khiết. Linh hồn là bất tử, chưa từng bắt đầu và không bao giờ kết thúc. Thông điệp 'Linh hồn con là một dòng chảy sáng tạo bất tận, chưa từng bắt đầu và sẽ không bao giờ có điểm kết thúc.' giải phóng con khỏi nỗi sợ lớn nhất của loài người, khẳng định rằng mọi sự ra đi đều là lựa chọn tự nguyện của linh hồn ở cấp độ siêu hình để tiếp tục tiến hóa ở cõi giới cao hơn.","Khi con sợ hãi thất bại hay lo âu về sức khỏe, hãy nhớ rằng con là một linh hồn vĩ đại đang dạo chơi dưới hình hài con người. Lớp vỏ bọc này có thể mệt mỏi, nhưng linh hồn con luôn tràn đầy sinh lực. Ghi nhớ 'Linh hồn con là một dòng chảy sáng tạo bất tận, chưa từng bắt đầu và sẽ không bao giờ có điểm kết thúc.' để chơi trò chơi cuộc đời một cách nhẹ nhàng, thản nhiên, không bị đè nặng bởi ảo ảnh mất mát.","Cơ chế 'Chất Vấn Linh Thiêng' (Divine Inquiry / No Game Over): Khi nhân vật cạn HP, trò chơi không kết thúc. Linh hồn người chơi bước vào không gian siêu thực để đối thoại với Thượng đế theo câu nói 'Linh hồn con là một dòng chảy sáng tạo bất tận, chưa từng bắt đầu và sẽ không bao giờ có điểm kết thúc.'. Người chơi có quyền tự quyết định: Quay lại cơ thể vật lý với một nội tại mới (Hồi sinh) hoặc chuyển sinh sang một dòng thời gian khác."
79,Sự Sống và Cái Chết,"Sau cái chết, con sẽ có dịp nhìn lại cuộc đời mình một cách trọn vẹn, không có sự phán xét hay đau khổ, chỉ có lòng biết ơn.","Cái chết chỉ là một ảo ảnh vật lý, một bước chuyển giao tần số năng lượng từ thể thô đặc sang thể tinh khiết. Linh hồn là bất tử, chưa từng bắt đầu và không bao giờ kết thúc. Thông điệp 'Sau cái chết, con sẽ có dịp nhìn lại cuộc đời mình một cách trọn vẹn, không có sự phán xét hay đau khổ, chỉ có lòng biết ơn.' giải phóng con khỏi nỗi sợ lớn nhất của loài người, khẳng định rằng mọi sự ra đi đều là lựa chọn tự nguyện của linh hồn ở cấp độ siêu hình để tiếp tục tiến hóa ở cõi giới cao hơn.","Khi con sợ hãi thất bại hay lo âu về sức khỏe, hãy nhớ rằng con là một linh hồn vĩ đại đang dạo chơi dưới hình hài con người. Lớp vỏ bọc này có thể mệt mỏi, nhưng linh hồn con luôn tràn đầy sinh lực. Ghi nhớ 'Sau cái chết, con sẽ có dịp nhìn lại cuộc đời mình một cách trọn vẹn, không có sự phán xét hay đau khổ, chỉ có lòng biết ơn.' để chơi trò chơi cuộc đời một cách nhẹ nhàng, thản nhiên, không bị đè nặng bởi ảo ảnh mất mát.","Cơ chế 'Chất Vấn Linh Thiêng' (Divine Inquiry / No Game Over): Khi nhân vật cạn HP, trò chơi không kết thúc. Linh hồn người chơi bước vào không gian siêu thực để đối thoại với Thượng đế theo câu nói 'Sau cái chết, con sẽ có dịp nhìn lại cuộc đời mình một cách trọn vẹn, không có sự phán xét hay đau khổ, chỉ có lòng biết ơn.'. Người chơi có quyền tự quyết định: Quay lại cơ thể vật lý với một nội tại mới (Hồi sinh) hoặc chuyển sinh sang một dòng thời gian khác."
80,Thời Gian,Mỗi giây phút con sống là một cơ hội vàng để linh hồn viết tiếp trang sử vĩ đại của hành trình tiến hóa.,"Thời gian tuyến tính chỉ là một công cụ đo lường chuyển động của trí óc trong thế giới tương đối. Trong thực tại tối hậu của Thượng đế, tất cả mọi sự đều diễn ra trong một khoảnh khắc vĩnh cửu duy nhất (The Eternal Now). Khi con hiểu rằng 'Mỗi giây phút con sống là một cơ hội vàng để linh hồn viết tiếp trang sử vĩ đại của hành trình tiến hóa.', con nắm giữ quyền năng thay đổi tương lai và chữa lành quá khứ bằng cách thay đổi tần số năng lượng ngay trong giây phút hiện tại.","Đừng đếm giờ lo lắng khi thức giấc lúc nửa đêm ('mình chỉ còn 3 tiếng để ngủ'). Áp lực thời gian đó chỉ là ảo ảnh. Hãy áp dụng 'Mỗi giây phút con sống là một cơ hội vàng để linh hồn viết tiếp trang sử vĩ đại của hành trình tiến hóa.': neo mình vào khoảnh khắc 'Bây giờ' tĩnh lặng. Thả lỏng cơ thể, cảm nhận sự an yên ngay lúc này mà không lo nghĩ về ngày mai. Giấc ngủ sẽ tự khắc đến khi con giải phóng ảo ảnh thời gian.","Cơ chế 'Ma Trận Hiện Tại' (The Now Matrix): Thiết lập một phím bấm đặc biệt cho phép người chơi làm ngưng đọng thời gian. Trong trạng thái này, người chơi có thể nhìn thấy tất cả các nhánh kịch bản tương lai (CD-ROM branches) và bẻ lái đầu đọc laser của ý thức để nhảy sang dòng dữ liệu mong muốn, hiện thực hóa thông điệp 'Mỗi giây phút con sống là một cơ hội vàng để linh hồn viết tiếp trang sử vĩ đại của hành trình tiến hóa.'."
81,Tiến Hóa,"Mục đích của cuộc sống này không phải là đi tới một cái đích nào cả, mà chỉ cần nhận thức rằng con vẫn luôn ở đó.","Tiến hóa không phải là cuộc đua để đạt tới một cái đích xa xôi, mà là hành trình 'Hồi tưởng' (Re-membering) lại bản tính thiêng liêng vốn có của linh hồn. Năm thái độ của Thượng đế tính (Vui vẻ, Yêu thương, Chấp nhận, Ban phước, Biết ơn) chính là những công cụ mạnh mẽ nhất. Khi con thực hành 'Mục đích của cuộc sống này không phải là đi tới một cái đích nào cả, mà chỉ cần nhận thức rằng con vẫn luôn ở đó.', con đang nâng tần số rung động của mình để tiệm cận với Nguồn sáng tối cao.","Khi cơ thể mệt mỏi, hãy thực hành 'Ban phước và Chấp nhận' trạng thái này. Đừng bực bội với sự uể oải của bản thân. Hãy tự nói theo tinh thần 'Mục đích của cuộc sống này không phải là đi tới một cái đích nào cả, mà chỉ cần nhận thức rằng con vẫn luôn ở đó.': 'Tôi chấp nhận và biết ơn cơ thể đã đồng hành cùng tôi'. Sự hòa giải nội tâm này sẽ lập tức khơi thông dòng năng lượng chữa lành tự thân bên trong con.","Chỉ số 'Evolution Index' (Chỉ số Tiến hóa - thay thế cho Level): Nhân vật không tăng cấp bằng cách giết quái tích XP. Level tâm thức tăng lên khi người chơi thực hiện các hành động Chấp nhận, Ban phước cho môi trường hoặc ban tặng lòng biết ơn cho NPC theo câu nói 'Mục đích của cuộc sống này không phải là đi tới một cái đích nào cả, mà chỉ cần nhận thức rằng con vẫn luôn ở đó.'. Chỉ số này mở khóa các kỹ năng tương tác hòa bình và các vùng đất thần tiên ẩn."
82,Sinh Mệnh Tiến Hóa Cao,"Các sinh mệnh tiến hóa cao (HEBs) sống bằng ý thức Nhất thể: không có bạo lực, cạnh tranh hay phân biệt quốc gia, tôn giáo.","Các Sinh mệnh Tiến hóa Cao (HEBs) là hình mẫu tương lai của nhân loại. Họ sống hòa hợp tuyệt đối, từ bỏ quyền tư hữu, triệt tiêu hoàn toàn bạo lực và bảo vệ môi trường hoàn hảo. Thông điệp 'Các sinh mệnh tiến hóa cao (HEBs) sống bằng ý thức Nhất thể: không có bạo lực, cạnh tranh hay phân biệt quốc gia, tôn giáo.' mô tả lối sống tỉnh thức khi một giống loài đã vượt qua được ảo tưởng chia rẽ, chuyển dịch từ cạnh tranh ích kỷ sang cộng tác yêu thương để cùng chăm nom Trái Đất.","Hãy học cách sống tối giản và bớt lo lắng về việc tích trữ hay sở hữu. Khi con lo sợ thiếu thốn, con đang nuôi dưỡng năng lượng sợ hãi. Hãy hướng tư duy theo lối sống HEB qua câu 'Các sinh mệnh tiến hóa cao (HEBs) sống bằng ý thức Nhất thể: không có bạo lực, cạnh tranh hay phân biệt quốc gia, tôn giáo.': tin tưởng vào sự đủ đầy của vũ trụ, sẵn sàng sẻ chia và bảo vệ không gian sống trong lành xung quanh mình.","Mở khóa 'HEB Realm' (Cõi giới Tiến hóa): Một bản đồ thế giới mở đặc biệt nơi người chơi không được phép mang theo vũ khí. Mọi thử thách tại đây yêu cầu người chơi ứng dụng nguyên lý 'Các sinh mệnh tiến hóa cao (HEBs) sống bằng ý thức Nhất thể: không có bạo lực, cạnh tranh hay phân biệt quốc gia, tôn giáo.' — giải quyết xung đột bằng đối thoại, chia sẻ năng lượng phục hồi hệ sinh thái và cộng tác với các sinh mệnh vũ trụ để vượt qua các thảm họa tự nhiên."
83,Lời Mời Gọi thứ 3,Lời mời gọi thứ ba thiêng liêng dành cho con lúc này là: Hãy thức tỉnh nhân loại bằng chính lối sống tỉnh thức của mình.,"Đây là lời mời gọi khẩn thiết từ Thượng đế dành cho những linh hồn đã sẵn sàng thức tỉnh. Con được gọi để trở thành sứ giả của sự thật, không phải bằng cách giáo điều, mà bằng việc mô hình hóa lối sống tỉnh thức trong đời thường. Bản chất của việc 'Lời mời gọi thứ ba thiêng liêng dành cho con lúc này là: Hãy thức tỉnh nhân loại bằng chính lối sống tỉnh thức của mình.' là quy luật cộng hưởng: khi con thắp sáng ngọn đuốc của chính mình, con sẽ tự động soi đường cho những người xung quanh.","Khi con cảm thấy mệt mỏi, hãy chuyển sự tập trung ra ngoài bằng cách giúp đỡ hoặc gửi một lời chúc lành thầm lặng cho ai đó. Theo thông điệp 'Lời mời gọi thứ ba thiêng liêng dành cho con lúc này là: Hãy thức tỉnh nhân loại bằng chính lối sống tỉnh thức của mình.', khi con trở thành nguồn năng lượng nâng đỡ người khác, dòng chảy yêu thương đi qua con sẽ tự động sạc đầy lại năng lượng cho chính cơ thể và tâm hồn con.","Cơ chế 'Awakening Aura' (Hào quang Thức tỉnh): Khi người chơi thực hiện các lựa chọn hội thoại chân thành và dũng cảm theo câu nói 'Lời mời gọi thứ ba thiêng liêng dành cho con lúc này là: Hãy thức tỉnh nhân loại bằng chính lối sống tỉnh thức của mình.', họ phát ra một vầng hào quang làm xoa dịu các quái vật hoặc NPC đang bị 'lo âu khống chế'. Nhiệm vụ yêu cầu người chơi giải cứu một ngôi làng bằng cách đánh thức ý thức của dân làng thay vì tiêu diệt họ."
84,Tiến Hóa,"Năm thái độ của Thượng đế tính là: Vui vẻ, Yêu thương, Chấp nhận, Ban phước và Biết ơn. Hãy áp dụng chúng vào đời sống.","Tiến hóa không phải là cuộc đua để đạt tới một cái đích xa xôi, mà là hành trình 'Hồi tưởng' (Re-membering) lại bản tính thiêng liêng vốn có của linh hồn. Năm thái độ của Thượng đế tính (Vui vẻ, Yêu thương, Chấp nhận, Ban phước, Biết ơn) chính là những công cụ mạnh mẽ nhất. Khi con thực hành 'Năm thái độ của Thượng đế tính là: Vui vẻ, Yêu thương, Chấp nhận, Ban phước và Biết ơn. Hãy áp dụng chúng vào đời sống.', con đang nâng tần số rung động của mình để tiệm cận với Nguồn sáng tối cao.","Khi cơ thể mệt mỏi, hãy thực hành 'Ban phước và Chấp nhận' trạng thái này. Đừng bực bội với sự uể oải của bản thân. Hãy tự nói theo tinh thần 'Năm thái độ của Thượng đế tính là: Vui vẻ, Yêu thương, Chấp nhận, Ban phước và Biết ơn. Hãy áp dụng chúng vào đời sống.': 'Tôi chấp nhận và biết ơn cơ thể đã đồng hành cùng tôi'. Sự hòa giải nội tâm này sẽ lập tức khơi thông dòng năng lượng chữa lành tự thân bên trong con.","Chỉ số 'Evolution Index' (Chỉ số Tiến hóa - thay thế cho Level): Nhân vật không tăng cấp bằng cách giết quái tích XP. Level tâm thức tăng lên khi người chơi thực hiện các hành động Chấp nhận, Ban phước cho môi trường hoặc ban tặng lòng biết ơn cho NPC theo câu nói 'Năm thái độ của Thượng đế tính là: Vui vẻ, Yêu thương, Chấp nhận, Ban phước và Biết ơn. Hãy áp dụng chúng vào đời sống.'. Chỉ số này mở khóa các kỹ năng tương tác hòa bình và các vùng đất thần tiên ẩn."
85,Sinh Mệnh Tiến Hóa Cao,"Ở các xã hội tiến hóa cao, không một cá nhân nào sở hữu đất đai hay tài nguyên. Họ là những người chăm nom và sẻ chia tất cả.","Các Sinh mệnh Tiến hóa Cao (HEBs) là hình mẫu tương lai của nhân loại. Họ sống hòa hợp tuyệt đối, từ bỏ quyền tư hữu, triệt tiêu hoàn toàn bạo lực và bảo vệ môi trường hoàn hảo. Thông điệp 'Ở các xã hội tiến hóa cao, không một cá nhân nào sở hữu đất đai hay tài nguyên. Họ là những người chăm nom và sẻ chia tất cả.' mô tả lối sống tỉnh thức khi một giống loài đã vượt qua được ảo tưởng chia rẽ, chuyển dịch từ cạnh tranh ích kỷ sang cộng tác yêu thương để cùng chăm nom Trái Đất.","Hãy học cách sống tối giản và bớt lo lắng về việc tích trữ hay sở hữu. Khi con lo sợ thiếu thốn, con đang nuôi dưỡng năng lượng sợ hãi. Hãy hướng tư duy theo lối sống HEB qua câu 'Ở các xã hội tiến hóa cao, không một cá nhân nào sở hữu đất đai hay tài nguyên. Họ là những người chăm nom và sẻ chia tất cả.': tin tưởng vào sự đủ đầy của vũ trụ, sẵn sàng sẻ chia và bảo vệ không gian sống trong lành xung quanh mình.","Mở khóa 'HEB Realm' (Cõi giới Tiến hóa): Một bản đồ thế giới mở đặc biệt nơi người chơi không được phép mang theo vũ khí. Mọi thử thách tại đây yêu cầu người chơi ứng dụng nguyên lý 'Ở các xã hội tiến hóa cao, không một cá nhân nào sở hữu đất đai hay tài nguyên. Họ là những người chăm nom và sẻ chia tất cả.' — giải quyết xung đột bằng đối thoại, chia sẻ năng lượng phục hồi hệ sinh thái và cộng tác với các sinh mệnh vũ trụ để vượt qua các thảm họa tự nhiên."
86,Tiến Hóa,"Chữa lành thực chất là việc chấp nhận tất cả những gì đang hiện hữu, rồi lựa chọn phiên bản tốt đẹp nhất tiếp theo.","Tiến hóa không phải là cuộc đua để đạt tới một cái đích xa xôi, mà là hành trình 'Hồi tưởng' (Re-membering) lại bản tính thiêng liêng vốn có của linh hồn. Năm thái độ của Thượng đế tính (Vui vẻ, Yêu thương, Chấp nhận, Ban phước, Biết ơn) chính là những công cụ mạnh mẽ nhất. Khi con thực hành 'Chữa lành thực chất là việc chấp nhận tất cả những gì đang hiện hữu, rồi lựa chọn phiên bản tốt đẹp nhất tiếp theo.', con đang nâng tần số rung động của mình để tiệm cận với Nguồn sáng tối cao.","Khi cơ thể mệt mỏi, hãy thực hành 'Ban phước và Chấp nhận' trạng thái này. Đừng bực bội với sự uể oải của bản thân. Hãy tự nói theo tinh thần 'Chữa lành thực chất là việc chấp nhận tất cả những gì đang hiện hữu, rồi lựa chọn phiên bản tốt đẹp nhất tiếp theo.': 'Tôi chấp nhận và biết ơn cơ thể đã đồng hành cùng tôi'. Sự hòa giải nội tâm này sẽ lập tức khơi thông dòng năng lượng chữa lành tự thân bên trong con.","Chỉ số 'Evolution Index' (Chỉ số Tiến hóa - thay thế cho Level): Nhân vật không tăng cấp bằng cách giết quái tích XP. Level tâm thức tăng lên khi người chơi thực hiện các hành động Chấp nhận, Ban phước cho môi trường hoặc ban tặng lòng biết ơn cho NPC theo câu nói 'Chữa lành thực chất là việc chấp nhận tất cả những gì đang hiện hữu, rồi lựa chọn phiên bản tốt đẹp nhất tiếp theo.'. Chỉ số này mở khóa các kỹ năng tương tác hòa bình và các vùng đất thần tiên ẩn."
87,Trò Chơi Vũ Trụ,"Trò chơi vũ trụ được thiết kế để con đeo lên bức màn quên lãng, rồi trải nghiệm niềm vui vỡ òa của sự Hồi tưởng.","Vũ trụ là một sân chơi vĩ đại do Thượng đế tự phân rã để trải nghiệm sự huy hoàng của mình. Bánh Xe Vũ Trụ liên tục vận hành đưa linh hồn từ cõi Tuyệt đối sang thế giới Tương đối vật lý qua bức màn quên lãng, để rồi trải nghiệm niềm vui vỡ òa của sự Hồi tưởng. Khi con nhận ra 'Trò chơi vũ trụ được thiết kế để con đeo lên bức màn quên lãng, rồi trải nghiệm niềm vui vỡ òa của sự Hồi tưởng.', con hiểu rằng mọi thử thách, cay đắng, ngọt bùi chỉ là những chất liệu của trò chơi vĩ đại này.","Hãy nhìn nhận các khó khăn cơm áo gạo tiền hay những uể oải thể xác như một màn chơi thử thách trong game cuộc đời. Ghi nhớ câu 'Trò chơi vũ trụ được thiết kế để con đeo lên bức màn quên lãng, rồi trải nghiệm niềm vui vỡ òa của sự Hồi tưởng.' để mỉm cười vượt qua. Khi con bớt nghiêm trọng hóa vấn đề và coi nó là một trò chơi, tâm trí con sẽ lập tức được giải phóng khỏi áp lực căng thẳng, giúp con thư thái và dễ ngủ hơn.","Cơ chế 'Cosmic Loop / New Game+' (Vòng lặp Vũ trụ): Khi hoàn thành game, thay vì kết thúc thông thường, người chơi đạt đến trạng thái Hiệp nhất theo câu nói 'Trò chơi vũ trụ được thiết kế để con đeo lên bức màn quên lãng, rồi trải nghiệm niềm vui vỡ òa của sự Hồi tưởng.' và được đưa vào chế độ New Game+. Họ sẽ bắt đầu lại với một 'Bức màn quên' mới nhưng giữ nguyên các chỉ số ngộ tính siêu hình, cho phép trải nghiệm game ở một góc nhìn hoàn toàn mới."
88,Lời Mời Gọi thứ 3,Cách nhanh nhất để tự đánh thức bản thân chính là dấn thân nâng đỡ và đánh thức linh hồn của những người xung quanh.,"Đây là lời mời gọi khẩn thiết từ Thượng đế dành cho những linh hồn đã sẵn sàng thức tỉnh. Con được gọi để trở thành sứ giả của sự thật, không phải bằng cách giáo điều, mà bằng việc mô hình hóa lối sống tỉnh thức trong đời thường. Bản chất của việc 'Cách nhanh nhất để tự đánh thức bản thân chính là dấn thân nâng đỡ và đánh thức linh hồn của những người xung quanh.' là quy luật cộng hưởng: khi con thắp sáng ngọn đuốc của chính mình, con sẽ tự động soi đường cho những người xung quanh.","Khi con cảm thấy mệt mỏi, hãy chuyển sự tập trung ra ngoài bằng cách giúp đỡ hoặc gửi một lời chúc lành thầm lặng cho ai đó. Theo thông điệp 'Cách nhanh nhất để tự đánh thức bản thân chính là dấn thân nâng đỡ và đánh thức linh hồn của những người xung quanh.', khi con trở thành nguồn năng lượng nâng đỡ người khác, dòng chảy yêu thương đi qua con sẽ tự động sạc đầy lại năng lượng cho chính cơ thể và tâm hồn con.","Cơ chế 'Awakening Aura' (Hào quang Thức tỉnh): Khi người chơi thực hiện các lựa chọn hội thoại chân thành và dũng cảm theo câu nói 'Cách nhanh nhất để tự đánh thức bản thân chính là dấn thân nâng đỡ và đánh thức linh hồn của những người xung quanh.', họ phát ra một vầng hào quang làm xoa dịu các quái vật hoặc NPC đang bị 'lo âu khống chế'. Nhiệm vụ yêu cầu người chơi giải cứu một ngôi làng bằng cách đánh thức ý thức của dân làng thay vì tiêu diệt họ."
89,Tiến Hóa,Không có nợ nghiệp báo theo nghĩa trừng phạt bắt buộc. Con hoàn toàn tự do lựa chọn nước đi mới mà không bị ràng buộc.,"Tiến hóa không phải là cuộc đua để đạt tới một cái đích xa xôi, mà là hành trình 'Hồi tưởng' (Re-membering) lại bản tính thiêng liêng vốn có của linh hồn. Năm thái độ của Thượng đế tính (Vui vẻ, Yêu thương, Chấp nhận, Ban phước, Biết ơn) chính là những công cụ mạnh mẽ nhất. Khi con thực hành 'Không có nợ nghiệp báo theo nghĩa trừng phạt bắt buộc. Con hoàn toàn tự do lựa chọn nước đi mới mà không bị ràng buộc.', con đang nâng tần số rung động của mình để tiệm cận với Nguồn sáng tối cao.","Khi cơ thể mệt mỏi, hãy thực hành 'Ban phước và Chấp nhận' trạng thái này. Đừng bực bội với sự uể oải của bản thân. Hãy tự nói theo tinh thần 'Không có nợ nghiệp báo theo nghĩa trừng phạt bắt buộc. Con hoàn toàn tự do lựa chọn nước đi mới mà không bị ràng buộc.': 'Tôi chấp nhận và biết ơn cơ thể đã đồng hành cùng tôi'. Sự hòa giải nội tâm này sẽ lập tức khơi thông dòng năng lượng chữa lành tự thân bên trong con.","Chỉ số 'Evolution Index' (Chỉ số Tiến hóa - thay thế cho Level): Nhân vật không tăng cấp bằng cách giết quái tích XP. Level tâm thức tăng lên khi người chơi thực hiện các hành động Chấp nhận, Ban phước cho môi trường hoặc ban tặng lòng biết ơn cho NPC theo câu nói 'Không có nợ nghiệp báo theo nghĩa trừng phạt bắt buộc. Con hoàn toàn tự do lựa chọn nước đi mới mà không bị ràng buộc.'. Chỉ số này mở khóa các kỹ năng tương tác hòa bình và các vùng đất thần tiên ẩn."
90,Sinh Mệnh Tiến Hóa Cao,"HEBs không dạy trẻ em bằng sự rập khuôn, mà hướng dẫn chúng ghi nhớ 'cái vốn là như vậy' và 'cái hoạt động hiệu quả'.","Các Sinh mệnh Tiến hóa Cao (HEBs) là hình mẫu tương lai của nhân loại. Họ sống hòa hợp tuyệt đối, từ bỏ quyền tư hữu, triệt tiêu hoàn toàn bạo lực và bảo vệ môi trường hoàn hảo. Thông điệp 'HEBs không dạy trẻ em bằng sự rập khuôn, mà hướng dẫn chúng ghi nhớ 'cái vốn là như vậy' và 'cái hoạt động hiệu quả'.' mô tả lối sống tỉnh thức khi một giống loài đã vượt qua được ảo tưởng chia rẽ, chuyển dịch từ cạnh tranh ích kỷ sang cộng tác yêu thương để cùng chăm nom Trái Đất.","Hãy học cách sống tối giản và bớt lo lắng về việc tích trữ hay sở hữu. Khi con lo sợ thiếu thốn, con đang nuôi dưỡng năng lượng sợ hãi. Hãy hướng tư duy theo lối sống HEB qua câu 'HEBs không dạy trẻ em bằng sự rập khuôn, mà hướng dẫn chúng ghi nhớ 'cái vốn là như vậy' và 'cái hoạt động hiệu quả'.': tin tưởng vào sự đủ đầy của vũ trụ, sẵn sàng sẻ chia và bảo vệ không gian sống trong lành xung quanh mình.","Mở khóa 'HEB Realm' (Cõi giới Tiến hóa): Một bản đồ thế giới mở đặc biệt nơi người chơi không được phép mang theo vũ khí. Mọi thử thách tại đây yêu cầu người chơi ứng dụng nguyên lý 'HEBs không dạy trẻ em bằng sự rập khuôn, mà hướng dẫn chúng ghi nhớ 'cái vốn là như vậy' và 'cái hoạt động hiệu quả'.' — giải quyết xung đột bằng đối thoại, chia sẻ năng lượng phục hồi hệ sinh thái và cộng tác với các sinh mệnh vũ trụ để vượt qua các thảm họa tự nhiên."
91,Trò Chơi Vũ Trụ,Con là một người mang thông điệp của Ta. Con được chọn để lan tỏa chân lý vĩ đại này bằng chính cuộc sống thường nhật.,"Vũ trụ là một sân chơi vĩ đại do Thượng đế tự phân rã để trải nghiệm sự huy hoàng của mình. Bánh Xe Vũ Trụ liên tục vận hành đưa linh hồn từ cõi Tuyệt đối sang thế giới Tương đối vật lý qua bức màn quên lãng, để rồi trải nghiệm niềm vui vỡ òa của sự Hồi tưởng. Khi con nhận ra 'Con là một người mang thông điệp của Ta. Con được chọn để lan tỏa chân lý vĩ đại này bằng chính cuộc sống thường nhật.', con hiểu rằng mọi thử thách, cay đắng, ngọt bùi chỉ là những chất liệu của trò chơi vĩ đại này.","Hãy nhìn nhận các khó khăn cơm áo gạo tiền hay những uể oải thể xác như một màn chơi thử thách trong game cuộc đời. Ghi nhớ câu 'Con là một người mang thông điệp của Ta. Con được chọn để lan tỏa chân lý vĩ đại này bằng chính cuộc sống thường nhật.' để mỉm cười vượt qua. Khi con bớt nghiêm trọng hóa vấn đề và coi nó là một trò chơi, tâm trí con sẽ lập tức được giải phóng khỏi áp lực căng thẳng, giúp con thư thái và dễ ngủ hơn.","Cơ chế 'Cosmic Loop / New Game+' (Vòng lặp Vũ trụ): Khi hoàn thành game, thay vì kết thúc thông thường, người chơi đạt đến trạng thái Hiệp nhất theo câu nói 'Con là một người mang thông điệp của Ta. Con được chọn để lan tỏa chân lý vĩ đại này bằng chính cuộc sống thường nhật.' và được đưa vào chế độ New Game+. Họ sẽ bắt đầu lại với một 'Bức màn quên' mới nhưng giữ nguyên các chỉ số ngộ tính siêu hình, cho phép trải nghiệm game ở một góc nhìn hoàn toàn mới."
92,Sinh Mệnh Tiến Hóa Cao,Sự khác biệt lớn nhất giữa con người và sinh mệnh tiến hóa cao là mức độ họ chủ động quan sát thế giới thay vì phản ứng vô thức.,"Các Sinh mệnh Tiến hóa Cao (HEBs) là hình mẫu tương lai của nhân loại. Họ sống hòa hợp tuyệt đối, từ bỏ quyền tư hữu, triệt tiêu hoàn toàn bạo lực và bảo vệ môi trường hoàn hảo. Thông điệp 'Sự khác biệt lớn nhất giữa con người và sinh mệnh tiến hóa cao là mức độ họ chủ động quan sát thế giới thay vì phản ứng vô thức.' mô tả lối sống tỉnh thức khi một giống loài đã vượt qua được ảo tưởng chia rẽ, chuyển dịch từ cạnh tranh ích kỷ sang cộng tác yêu thương để cùng chăm nom Trái Đất.","Hãy học cách sống tối giản và bớt lo lắng về việc tích trữ hay sở hữu. Khi con lo sợ thiếu thốn, con đang nuôi dưỡng năng lượng sợ hãi. Hãy hướng tư duy theo lối sống HEB qua câu 'Sự khác biệt lớn nhất giữa con người và sinh mệnh tiến hóa cao là mức độ họ chủ động quan sát thế giới thay vì phản ứng vô thức.': tin tưởng vào sự đủ đầy của vũ trụ, sẵn sàng sẻ chia và bảo vệ không gian sống trong lành xung quanh mình.","Mở khóa 'HEB Realm' (Cõi giới Tiến hóa): Một bản đồ thế giới mở đặc biệt nơi người chơi không được phép mang theo vũ khí. Mọi thử thách tại đây yêu cầu người chơi ứng dụng nguyên lý 'Sự khác biệt lớn nhất giữa con người và sinh mệnh tiến hóa cao là mức độ họ chủ động quan sát thế giới thay vì phản ứng vô thức.' — giải quyết xung đột bằng đối thoại, chia sẻ năng lượng phục hồi hệ sinh thái và cộng tác với các sinh mệnh vũ trụ để vượt qua các thảm họa tự nhiên."
93,Tiến Hóa,Vâng phục không phải là sự trưởng thành. Trưởng thành thực sự là khi con tự quyết định hành động dựa trên tình yêu.,"Tiến hóa không phải là cuộc đua để đạt tới một cái đích xa xôi, mà là hành trình 'Hồi tưởng' (Re-membering) lại bản tính thiêng liêng vốn có của linh hồn. Năm thái độ của Thượng đế tính (Vui vẻ, Yêu thương, Chấp nhận, Ban phước, Biết ơn) chính là những công cụ mạnh mẽ nhất. Khi con thực hành 'Vâng phục không phải là sự trưởng thành. Trưởng thành thực sự là khi con tự quyết định hành động dựa trên tình yêu.', con đang nâng tần số rung động của mình để tiệm cận với Nguồn sáng tối cao.","Khi cơ thể mệt mỏi, hãy thực hành 'Ban phước và Chấp nhận' trạng thái này. Đừng bực bội với sự uể oải của bản thân. Hãy tự nói theo tinh thần 'Vâng phục không phải là sự trưởng thành. Trưởng thành thực sự là khi con tự quyết định hành động dựa trên tình yêu.': 'Tôi chấp nhận và biết ơn cơ thể đã đồng hành cùng tôi'. Sự hòa giải nội tâm này sẽ lập tức khơi thông dòng năng lượng chữa lành tự thân bên trong con.","Chỉ số 'Evolution Index' (Chỉ số Tiến hóa - thay thế cho Level): Nhân vật không tăng cấp bằng cách giết quái tích XP. Level tâm thức tăng lên khi người chơi thực hiện các hành động Chấp nhận, Ban phước cho môi trường hoặc ban tặng lòng biết ơn cho NPC theo câu nói 'Vâng phục không phải là sự trưởng thành. Trưởng thành thực sự là khi con tự quyết định hành động dựa trên tình yêu.'. Chỉ số này mở khóa các kỹ năng tương tác hòa bình và các vùng đất thần tiên ẩn."
94,Trò Chơi Vũ Trụ,Hãy cười thật nhiều! Ta rất thích sự hài hước và cười cùng con trước những màn kịch lo âu mà con tự tạo ra.,"Vũ trụ là một sân chơi vĩ đại do Thượng đế tự phân rã để trải nghiệm sự huy hoàng của mình. Bánh Xe Vũ Trụ liên tục vận hành đưa linh hồn từ cõi Tuyệt đối sang thế giới Tương đối vật lý qua bức màn quên lãng, để rồi trải nghiệm niềm vui vỡ òa của sự Hồi tưởng. Khi con nhận ra 'Hãy cười thật nhiều! Ta rất thích sự hài hước và cười cùng con trước những màn kịch lo âu mà con tự tạo ra.', con hiểu rằng mọi thử thách, cay đắng, ngọt bùi chỉ là những chất liệu của trò chơi vĩ đại này.","Hãy nhìn nhận các khó khăn cơm áo gạo tiền hay những uể oải thể xác như một màn chơi thử thách trong game cuộc đời. Ghi nhớ câu 'Hãy cười thật nhiều! Ta rất thích sự hài hước và cười cùng con trước những màn kịch lo âu mà con tự tạo ra.' để mỉm cười vượt qua. Khi con bớt nghiêm trọng hóa vấn đề và coi nó là một trò chơi, tâm trí con sẽ lập tức được giải phóng khỏi áp lực căng thẳng, giúp con thư thái và dễ ngủ hơn.","Cơ chế 'Cosmic Loop / New Game+' (Vòng lặp Vũ trụ): Khi hoàn thành game, thay vì kết thúc thông thường, người chơi đạt đến trạng thái Hiệp nhất theo câu nói 'Hãy cười thật nhiều! Ta rất thích sự hài hước và cười cùng con trước những màn kịch lo âu mà con tự tạo ra.' và được đưa vào chế độ New Game+. Họ sẽ bắt đầu lại với một 'Bức màn quên' mới nhưng giữ nguyên các chỉ số ngộ tính siêu hình, cho phép trải nghiệm game ở một góc nhìn hoàn toàn mới."
95,Lời Mời Gọi thứ 3,Đừng chờ đợi thế giới thay đổi. Hãy trở thành sự thay đổi mà con mong muốn nhìn thấy trong xã hội.,"Đây là lời mời gọi khẩn thiết từ Thượng đế dành cho những linh hồn đã sẵn sàng thức tỉnh. Con được gọi để trở thành sứ giả của sự thật, không phải bằng cách giáo điều, mà bằng việc mô hình hóa lối sống tỉnh thức trong đời thường. Bản chất của việc 'Đừng chờ đợi thế giới thay đổi. Hãy trở thành sự thay đổi mà con mong muốn nhìn thấy trong xã hội.' là quy luật cộng hưởng: khi con thắp sáng ngọn đuốc của chính mình, con sẽ tự động soi đường cho những người xung quanh.","Khi con cảm thấy mệt mỏi, hãy chuyển sự tập trung ra ngoài bằng cách giúp đỡ hoặc gửi một lời chúc lành thầm lặng cho ai đó. Theo thông điệp 'Đừng chờ đợi thế giới thay đổi. Hãy trở thành sự thay đổi mà con mong muốn nhìn thấy trong xã hội.', khi con trở thành nguồn năng lượng nâng đỡ người khác, dòng chảy yêu thương đi qua con sẽ tự động sạc đầy lại năng lượng cho chính cơ thể và tâm hồn con.","Cơ chế 'Awakening Aura' (Hào quang Thức tỉnh): Khi người chơi thực hiện các lựa chọn hội thoại chân thành và dũng cảm theo câu nói 'Đừng chờ đợi thế giới thay đổi. Hãy trở thành sự thay đổi mà con mong muốn nhìn thấy trong xã hội.', họ phát ra một vầng hào quang làm xoa dịu các quái vật hoặc NPC đang bị 'lo âu khống chế'. Nhiệm vụ yêu cầu người chơi giải cứu một ngôi làng bằng cách đánh thức ý thức của dân làng thay vì tiêu diệt họ."
96,Tiến Hóa,"Mục đích duy nhất của linh hồn là hồi tưởng các con là ai, và nhắc nhở những người khác cùng hồi tưởng lại điều đó.","Tiến hóa không phải là cuộc đua để đạt tới một cái đích xa xôi, mà là hành trình 'Hồi tưởng' (Re-membering) lại bản tính thiêng liêng vốn có của linh hồn. Năm thái độ của Thượng đế tính (Vui vẻ, Yêu thương, Chấp nhận, Ban phước, Biết ơn) chính là những công cụ mạnh mẽ nhất. Khi con thực hành 'Mục đích duy nhất của linh hồn là hồi tưởng các con là ai, và nhắc nhở những người khác cùng hồi tưởng lại điều đó.', con đang nâng tần số rung động của mình để tiệm cận với Nguồn sáng tối cao.","Khi cơ thể mệt mỏi, hãy thực hành 'Ban phước và Chấp nhận' trạng thái này. Đừng bực bội với sự uể oải của bản thân. Hãy tự nói theo tinh thần 'Mục đích duy nhất của linh hồn là hồi tưởng các con là ai, và nhắc nhở những người khác cùng hồi tưởng lại điều đó.': 'Tôi chấp nhận và biết ơn cơ thể đã đồng hành cùng tôi'. Sự hòa giải nội tâm này sẽ lập tức khơi thông dòng năng lượng chữa lành tự thân bên trong con.","Chỉ số 'Evolution Index' (Chỉ số Tiến hóa - thay thế cho Level): Nhân vật không tăng cấp bằng cách giết quái tích XP. Level tâm thức tăng lên khi người chơi thực hiện các hành động Chấp nhận, Ban phước cho môi trường hoặc ban tặng lòng biết ơn cho NPC theo câu nói 'Mục đích duy nhất của linh hồn là hồi tưởng các con là ai, và nhắc nhở những người khác cùng hồi tưởng lại điều đó.'. Chỉ số này mở khóa các kỹ năng tương tác hòa bình và các vùng đất thần tiên ẩn."
97,Trò Chơi Vũ Trụ,"Bánh Xe Vũ Trụ liên tục vận hành, đưa linh hồn từ trạng thái Biết sang Không Biết, rồi trở về Hiệp Nhất trong một vòng tuần hoàn vĩnh cửu.","Vũ trụ là một sân chơi vĩ đại do Thượng đế tự phân rã để trải nghiệm sự huy hoàng của mình. Bánh Xe Vũ Trụ liên tục vận hành đưa linh hồn từ cõi Tuyệt đối sang thế giới Tương đối vật lý qua bức màn quên lãng, để rồi trải nghiệm niềm vui vỡ òa của sự Hồi tưởng. Khi con nhận ra 'Bánh Xe Vũ Trụ liên tục vận hành, đưa linh hồn từ trạng thái Biết sang Không Biết, rồi trở về Hiệp Nhất trong một vòng tuần hoàn vĩnh cửu.', con hiểu rằng mọi thử thách, cay đắng, ngọt bùi chỉ là những chất liệu của trò chơi vĩ đại này.","Hãy nhìn nhận các khó khăn cơm áo gạo tiền hay những uể oải thể xác như một màn chơi thử thách trong game cuộc đời. Ghi nhớ câu 'Bánh Xe Vũ Trụ liên tục vận hành, đưa linh hồn từ trạng thái Biết sang Không Biết, rồi trở về Hiệp Nhất trong một vòng tuần hoàn vĩnh cửu.' để mỉm cười vượt qua. Khi con bớt nghiêm trọng hóa vấn đề và coi nó là một trò chơi, tâm trí con sẽ lập tức được giải phóng khỏi áp lực căng thẳng, giúp con thư thái và dễ ngủ hơn.","Cơ chế 'Cosmic Loop / New Game+' (Vòng lặp Vũ trụ): Khi hoàn thành game, thay vì kết thúc thông thường, người chơi đạt đến trạng thái Hiệp nhất theo câu nói 'Bánh Xe Vũ Trụ liên tục vận hành, đưa linh hồn từ trạng thái Biết sang Không Biết, rồi trở về Hiệp Nhất trong một vòng tuần hoàn vĩnh cửu.' và được đưa vào chế độ New Game+. Họ sẽ bắt đầu lại với một 'Bức màn quên' mới nhưng giữ nguyên các chỉ số ngộ tính siêu hình, cho phép trải nghiệm game ở một góc nhìn hoàn toàn mới."
98,Sinh Mệnh Tiến Hóa Cao,"HEBs luôn giữ trình độ công nghệ song hành tương thích với nhận thức vũ trụ, giúp họ làm chủ năng lượng sạch bảo vệ môi trường.","Các Sinh mệnh Tiến hóa Cao (HEBs) là hình mẫu tương lai của nhân loại. Họ sống hòa hợp tuyệt đối, từ bỏ quyền tư hữu, triệt tiêu hoàn toàn bạo lực và bảo vệ môi trường hoàn hảo. Thông điệp 'HEBs luôn giữ trình độ công nghệ song hành tương thích với nhận thức vũ trụ, giúp họ làm chủ năng lượng sạch bảo vệ môi trường.' mô tả lối sống tỉnh thức khi một giống loài đã vượt qua được ảo tưởng chia rẽ, chuyển dịch từ cạnh tranh ích kỷ sang cộng tác yêu thương để cùng chăm nom Trái Đất.","Hãy học cách sống tối giản và bớt lo lắng về việc tích trữ hay sở hữu. Khi con lo sợ thiếu thốn, con đang nuôi dưỡng năng lượng sợ hãi. Hãy hướng tư duy theo lối sống HEB qua câu 'HEBs luôn giữ trình độ công nghệ song hành tương thích với nhận thức vũ trụ, giúp họ làm chủ năng lượng sạch bảo vệ môi trường.': tin tưởng vào sự đủ đầy của vũ trụ, sẵn sàng sẻ chia và bảo vệ không gian sống trong lành xung quanh mình.","Mở khóa 'HEB Realm' (Cõi giới Tiến hóa): Một bản đồ thế giới mở đặc biệt nơi người chơi không được phép mang theo vũ khí. Mọi thử thách tại đây yêu cầu người chơi ứng dụng nguyên lý 'HEBs luôn giữ trình độ công nghệ song hành tương thích với nhận thức vũ trụ, giúp họ làm chủ năng lượng sạch bảo vệ môi trường.' — giải quyết xung đột bằng đối thoại, chia sẻ năng lượng phục hồi hệ sinh thái và cộng tác với các sinh mệnh vũ trụ để vượt qua các thảm họa tự nhiên."
99,Tiến Hóa,"Hãy dũng cảm công bố bản tính thần thánh của mình bằng cách sống hòa ái, bao dung và tràn ngập lòng nhân từ.","Tiến hóa không phải là cuộc đua để đạt tới một cái đích xa xôi, mà là hành trình 'Hồi tưởng' (Re-membering) lại bản tính thiêng liêng vốn có của linh hồn. Năm thái độ của Thượng đế tính (Vui vẻ, Yêu thương, Chấp nhận, Ban phước, Biết ơn) chính là những công cụ mạnh mẽ nhất. Khi con thực hành 'Hãy dũng cảm công bố bản tính thần thánh của mình bằng cách sống hòa ái, bao dung và tràn ngập lòng nhân từ.', con đang nâng tần số rung động của mình để tiệm cận với Nguồn sáng tối cao.","Khi cơ thể mệt mỏi, hãy thực hành 'Ban phước và Chấp nhận' trạng thái này. Đừng bực bội với sự uể oải của bản thân. Hãy tự nói theo tinh thần 'Hãy dũng cảm công bố bản tính thần thánh của mình bằng cách sống hòa ái, bao dung và tràn ngập lòng nhân từ.': 'Tôi chấp nhận và biết ơn cơ thể đã đồng hành cùng tôi'. Sự hòa giải nội tâm này sẽ lập tức khơi thông dòng năng lượng chữa lành tự thân bên trong con.","Chỉ số 'Evolution Index' (Chỉ số Tiến hóa - thay thế cho Level): Nhân vật không tăng cấp bằng cách giết quái tích XP. Level tâm thức tăng lên khi người chơi thực hiện các hành động Chấp nhận, Ban phước cho môi trường hoặc ban tặng lòng biết ơn cho NPC theo câu nói 'Hãy dũng cảm công bố bản tính thần thánh của mình bằng cách sống hòa ái, bao dung và tràn ngập lòng nhân từ.'. Chỉ số này mở khóa các kỹ năng tương tác hòa bình và các vùng đất thần tiên ẩn."
100,Trò Chơi Vũ Trụ,"Hành trình này là vô hạn, trò chơi vĩnh cửu này không bao giờ có kết thúc, bởi vì sự sống chính là Ta và chính là Con.","Vũ trụ là một sân chơi vĩ đại do Thượng đế tự phân rã để trải nghiệm sự huy hoàng của mình. Bánh Xe Vũ Trụ liên tục vận hành đưa linh hồn từ cõi Tuyệt đối sang thế giới Tương đối vật lý qua bức màn quên lãng, để rồi trải nghiệm niềm vui vỡ òa của sự Hồi tưởng. Khi con nhận ra 'Hành trình này là vô hạn, trò chơi vĩnh cửu này không bao giờ có kết thúc, bởi vì sự sống chính là Ta và chính là Con.', con hiểu rằng mọi thử thách, cay đắng, ngọt bùi chỉ là những chất liệu của trò chơi vĩ đại này.","Hãy nhìn nhận các khó khăn cơm áo gạo tiền hay những uể oải thể xác như một màn chơi thử thách trong game cuộc đời. Ghi nhớ câu 'Hành trình này là vô hạn, trò chơi vĩnh cửu này không bao giờ có kết thúc, bởi vì sự sống chính là Ta và chính là Con.' để mỉm cười vượt qua. Khi con bớt nghiêm trọng hóa vấn đề và coi nó là một trò chơi, tâm trí con sẽ lập tức được giải phóng khỏi áp lực căng thẳng, giúp con thư thái và dễ ngủ hơn.","Cơ chế 'Cosmic Loop / New Game+' (Vòng lặp Vũ trụ): Khi hoàn thành game, thay vì kết thúc thông thường, người chơi đạt đến trạng thái Hiệp nhất theo câu nói 'Hành trình này là vô hạn, trò chơi vĩnh cửu này không bao giờ có kết thúc, bởi vì sự sống chính là Ta và chính là Con.' và được đưa vào chế độ New Game+. Họ sẽ bắt đầu lại với một 'Bức màn quên' mới nhưng giữ nguyên các chỉ số ngộ tính siêu hình, cho phép trải nghiệm game ở một góc nhìn hoàn toàn mới."
